Name,Montesinos?,Montesinos fraction
0_1,N,n/a
3_1,N,n/a
4_1,N,n/a
5_1,N,n/a
5_2,N,n/a
6_1,N,n/a
6_2,N,n/a
6_3,N,n/a
7_1,N,n/a
7_2,N,n/a
7_3,N,n/a
7_4,N,n/a
7_5,N,n/a
7_6,N,n/a
7_7,N,n/a
8_1,N,n/a
8_2,N,n/a
8_3,N,n/a
8_4,N,n/a
8_5,Y,"[0, 1/2, 1/3, 1/3]"
8_6,N,n/a
8_7,N,n/a
8_8,N,n/a
8_9,N,n/a
8_10,Y,"[0, 1/2, 2/3, 1/3]"
8_11,N,n/a
8_12,N,n/a
8_13,N,n/a
8_14,N,n/a
8_15,Y,"[0, 1/2, 2/3, 2/3]"
8_16,N,n/a
8_17,N,n/a
8_18,N,n/a
8_19,Y,"[0, 1/2, -2/3, 1/3]"
8_20,Y,"[0, 1/2, 2/3, -2/3]"
8_21,Y,"[0, 1/2, 2/3, -1/3]"
9_1,N,n/a
9_2,N,n/a
9_3,N,n/a
9_4,N,n/a
9_5,N,n/a
9_6,N,n/a
9_7,N,n/a
9_8,N,n/a
9_9,N,n/a
9_10,N,n/a
9_11,N,n/a
9_12,N,n/a
9_13,N,n/a
9_14,N,n/a
9_15,N,n/a
9_16,Y,"[0, 1/2, 1/3, 4/3]"
9_17,N,n/a
9_18,N,n/a
9_19,N,n/a
9_20,N,n/a
9_21,N,n/a
9_22,Y,"[0, 1/2, 1/3, 3/5]"
9_23,N,n/a
9_24,Y,"[0, 1/2, 2/3, 4/3]"
9_25,Y,"[0, 1/2, 2/3, 2/5]"
9_26,N,n/a
9_27,N,n/a
9_28,Y,"[0, 1/2, 2/3, 5/3]"
9_29,N,n/a
9_30,Y,"[0, 1/2, 2/3, 3/5]"
9_31,N,n/a
9_32,N,n/a
9_33,N,n/a
9_34,N,n/a
9_35,Y,"[0, 1/3, 1/3, 1/3]"
9_36,Y,"[0, 1/2, 1/3, 2/5]"
9_37,Y,"[0, 2/3, 2/3, 1/3]"
9_38,N,n/a
9_39,N,n/a
9_40,N,n/a
9_41,N,n/a
9_42,Y,"[0, 1/2, -2/3, 2/5]"
9_43,Y,"[0, 1/2, -2/3, 3/5]"
9_44,Y,"[0, 1/2, 2/3, -3/5]"
9_45,Y,"[0, 1/2, 2/3, -2/5]"
9_46,Y,"[0, 2/3, -2/3, 1/3]"
9_47,N,n/a
9_48,Y,"[0, 2/3, 2/3, -1/3]"
9_49,N,n/a
10_1,N,n/a
10_2,N,n/a
10_3,N,n/a
10_4,N,n/a
10_5,N,n/a
10_6,N,n/a
10_7,N,n/a
10_8,N,n/a
10_9,N,n/a
10_10,N,n/a
10_11,N,n/a
10_12,N,n/a
10_13,N,n/a
10_14,N,n/a
10_15,N,n/a
10_16,N,n/a
10_17,N,n/a
10_18,N,n/a
10_19,N,n/a
10_20,N,n/a
10_21,N,n/a
10_22,N,n/a
10_23,N,n/a
10_24,N,n/a
10_25,N,n/a
10_26,N,n/a
10_27,N,n/a
10_28,N,n/a
10_29,N,n/a
10_30,N,n/a
10_31,N,n/a
10_32,N,n/a
10_33,N,n/a
10_34,N,n/a
10_35,N,n/a
10_36,N,n/a
10_37,N,n/a
10_38,N,n/a
10_39,N,n/a
10_40,N,n/a
10_41,N,n/a
10_42,N,n/a
10_43,N,n/a
10_44,N,n/a
10_45,N,n/a
10_46,Y,"[0, 1/2, 1/3, 1/5]"
10_47,Y,"[0, 1/2, 2/3, 1/5]"
10_48,Y,"[0, 1/2, 1/3, 4/5]"
10_49,Y,"[0, 1/2, 2/3, 4/5]"
10_50,Y,"[0, 1/2, 1/3, 3/7]"
10_51,Y,"[0, 1/2, 2/3, 3/7]"
10_52,Y,"[0, 1/2, 1/3, 4/7]"
10_53,Y,"[0, 1/2, 2/3, 4/7]"
10_54,Y,"[0, 1/2, 1/3, 2/7]"
10_55,Y,"[0, 1/2, 2/3, 2/7]"
10_56,Y,"[0, 1/2, 1/3, 5/7]"
10_57,Y,"[0, 1/2, 2/3, 5/7]"
10_58,Y,"[0, 1/2, 2/5, 2/5]"
10_59,Y,"[0, 1/2, 3/5, 2/5]"
10_60,Y,"[0, 1/2, 3/5, 3/5]"
10_61,Y,"[0, 1/3, 1/3, 1/4]"
10_62,Y,"[0, 2/3, 1/3, 1/4]"
10_63,Y,"[0, 2/3, 2/3, 1/4]"
10_64,Y,"[0, 1/3, 1/3, 3/4]"
10_65,Y,"[0, 2/3, 1/3, 3/4]"
10_66,Y,"[0, 2/3, 2/3, 3/4]"
10_67,Y,"[0, 2/3, 1/3, 2/5]"
10_68,Y,"[0, 1/3, 1/3, 3/5]"
10_69,Y,"[0, 2/3, 2/3, 3/5]"
10_70,Y,"[0, 1/2, 1/3, 7/5]"
10_71,Y,"[0, 1/2, 2/3, 7/5]"
10_72,Y,"[0, 1/2, 1/3, 8/5]"
10_73,Y,"[0, 1/2, 2/3, 8/5]"
10_74,Y,"[0, 2/3, 1/3, 4/3]"
10_75,Y,"[0, 2/3, 2/3, 5/3]"
10_76,Y,"[0, 1/2, 1/3, 7/3]"
10_77,Y,"[0, 1/2, 2/3, 7/3]"
10_78,Y,"[0, 1/2, 2/3, 8/3]"
10_79,N,n/a
10_80,N,n/a
10_81,N,n/a
10_82,N,n/a
10_83,N,n/a
10_84,N,n/a
10_85,N,n/a
10_86,N,n/a
10_87,N,n/a
10_88,N,n/a
10_89,N,n/a
10_90,N,n/a
10_91,N,n/a
10_92,N,n/a
10_93,N,n/a
10_94,N,n/a
10_95,N,n/a
10_96,N,n/a
10_97,N,n/a
10_98,N,n/a
10_99,N,n/a
10_100,N,n/a
10_101,N,n/a
10_102,N,n/a
10_103,N,n/a
10_104,N,n/a
10_105,N,n/a
10_106,N,n/a
10_107,N,n/a
10_108,N,n/a
10_109,N,n/a
10_110,N,n/a
10_111,N,n/a
10_112,N,n/a
10_113,N,n/a
10_114,N,n/a
10_115,N,n/a
10_116,N,n/a
10_117,N,n/a
10_118,N,n/a
10_119,N,n/a
10_120,N,n/a
10_121,N,n/a
10_122,N,n/a
10_123,N,n/a
10_124,Y,"[0, 1/2, -2/3, 1/5]"
10_125,Y,"[0, 1/2, 2/3, -4/5]"
10_126,Y,"[0, 1/2, -2/3, 4/5]"
10_127,Y,"[0, 1/2, 2/3, -1/5]"
10_128,Y,"[0, 1/2, -2/3, 3/7]"
10_129,Y,"[0, 1/2, 2/3, -4/7]"
10_130,Y,"[0, 1/2, -2/3, 4/7]"
10_131,Y,"[0, 1/2, 2/3, -3/7]"
10_132,Y,"[0, 1/2, -2/3, 2/7]"
10_133,Y,"[0, 1/2, 2/3, -5/7]"
10_134,Y,"[0, 1/2, -2/3, 5/7]"
10_135,Y,"[0, 1/2, 2/3, -2/7]"
10_136,Y,"[0, 1/2, -3/5, 2/5]"
10_137,Y,"[0, 1/2, 3/5, -3/5]"
10_138,Y,"[0, 1/2, 3/5, -2/5]"
10_139,Y,"[0, 2/3, -1/3, -1/4]"
10_140,Y,"[0, 2/3, -2/3, 1/4]"
10_141,Y,"[0, 2/3, 2/3, -3/4]"
10_142,Y,"[0, 2/3, -1/3, -3/4]"
10_143,Y,"[0, 2/3, -2/3, 3/4]"
10_144,Y,"[0, 2/3, 2/3, -1/4]"
10_145,Y,"[0, 2/3, -1/3, -2/5]"
10_146,Y,"[0, 2/3, 2/3, -3/5]"
10_147,Y,"[0, 2/3, -2/3, 3/5]"
10_148,N,n/a
10_149,N,n/a
10_150,N,n/a
10_151,N,n/a
10_152,N,n/a
10_153,N,n/a
10_154,N,n/a
10_155,N,n/a
10_156,N,n/a
10_157,N,n/a
10_158,N,n/a
10_159,N,n/a
10_160,N,n/a
10_161,N,n/a
10_162,N,n/a
10_163,N,n/a
10_164,N,n/a
10_165,N,n/a
11a_1,Y,"[1/2, 3/5, 5/7]"
11a_2,N,n/a
11a_3,N,n/a
11a_4,Y,"[1/2, 3/5, 2/7]"
11a_5,Y,"[1/2, 3/5, 7/5]"
11a_6,Y,"[1/2, 3/5, 8/5]"
11a_7,Y,"[1/2, 3/5, 4/5]"
11a_8,Y,"[1/2, 3/5, 4/7]"
11a_9,Y,"[1/2, 3/5, 1/5]"
11a_10,Y,"[1/2, 3/5, 3/7]"
11a_11,Y,"[1/2, 2/3, 13/5]"
11a_12,Y,"[1/2, 1/3, 13/5]"
11a_13,N,n/a
11a_14,N,n/a
11a_15,N,n/a
11a_16,Y,"[1/2, 2/3, 7/9]"
11a_17,N,n/a
11a_18,N,n/a
11a_19,N,n/a
11a_20,N,n/a
11a_21,Y,"[1/2, 2/3, 2/9]"
11a_22,N,n/a
11a_23,Y,"[1/2, 2/3, 9/7]"
11a_24,N,n/a
11a_25,N,n/a
11a_26,N,n/a
11a_27,N,n/a
11a_28,N,n/a
11a_29,N,n/a
11a_30,N,n/a
11a_31,Y,"[1/2, 2/3, 8/11]"
11a_32,Y,"[1/2, 2/3, 8/13]"
11a_33,Y,"[1/2, 2/3, 3/11]"
11a_34,Y,"[1/2, 2/3, 7/11]"
11a_35,Y,"[1/2, 2/3, 5/13]"
11a_36,Y,"[1/2, 2/3, 12/7]"
11a_37,Y,"[1/2, 2/3, 5/9]"
11a_38,N,n/a
11a_39,Y,"[1/2, 2/3, 4/11]"
11a_40,Y,"[1/2, 2/3, 9/5]"
11a_41,Y,"[1/2, 2/3, 11/7]"
11a_42,Y,"[1/2, 2/3, 12/5]"
11a_43,Y,"[1/2, 2/3, 2/3, 2/3]"
11a_44,Y,"[1/2, 2/3, 2/3, 1/3]"
11a_45,Y,"[1/2, 2/3, 4/9]"
11a_46,Y,"[1/2, 2/3, 11/3]"
11a_47,Y,"[1/2, 2/3, 1/3, 2/3]"
11a_48,Y,"[1/2, 2/5, 5/7]"
11a_49,N,n/a
11a_50,Y,"[1/2, 2/5, 2/7]"
11a_51,Y,"[1/2, 2/5, 7/5]"
11a_52,N,n/a
11a_53,N,n/a
11a_54,N,n/a
11a_55,Y,"[1/2, 2/3, 6/5]"
11a_56,Y,"[1/2, 2/3, 10/7]"
11a_57,Y,"[1/2, 2/3, 1/3, 1/3]"
11a_58,Y,"[1/2, 2/3, 10/3]"
11a_59,N,n/a
11a_60,Y,"[1/2, 2/5, 4/5]"
11a_61,Y,"[1/2, 2/5, 4/7]"
11a_62,Y,"[1/2, 2/5, 1/5]"
11a_63,Y,"[1/2, 2/5, 3/7]"
11a_64,Y,"[1/2, 1/3, 12/5]"
11a_65,N,n/a
11a_66,N,n/a
11a_67,N,n/a
11a_68,N,n/a
11a_69,N,n/a
11a_70,N,n/a
11a_71,N,n/a
11a_72,N,n/a
11a_73,N,n/a
11a_74,Y,"[1/2, 1/3, 3/11]"
11a_75,N,n/a
11a_76,N,n/a
11a_77,N,n/a
11a_78,Y,"[2/3, 2/3, 7/5]"
11a_79,N,n/a
11a_80,N,n/a
11a_81,N,n/a
11a_82,Y,"[1/2, 1/3, 5/13]"
11a_83,Y,"[1/2, 1/3, 8/13]"
11a_84,N,n/a
11a_85,N,n/a
11a_86,Y,"[2/3, 3/5, 1/4]"
11a_87,Y,"[2/3, 3/5, 3/4]"
11a_88,Y,"[1/3, 3/5, 3/4]"
11a_89,N,n/a
11a_90,N,n/a
11a_91,N,n/a
11a_92,Y,"[1/2, 1/3, 8/11]"
11a_93,N,n/a
11a_94,Y,"[1/2, 1/3, 12/7]"
11a_95,N,n/a
11a_96,N,n/a
11a_97,Y,"[1/3, 3/5, 1/4]"
11a_98,N,n/a
11a_99,N,n/a
11a_100,Y,"[2/3, 2/3, 5/8]"
11a_101,N,n/a
11a_102,N,n/a
11a_103,Y,"[2/3, 1/3, 2/7]"
11a_104,Y,"[2/3, 3/5, 2/5]"
11a_105,Y,"[2/3, 2/5, 3/4]"
11a_106,Y,"[2/3, 2/3, 5/4]"
11a_107,Y,"[2/3, 2/3, 7/4]"
11a_108,Y,"[2/3, 1/3, 3/8]"
11a_109,Y,"[2/3, 1/3, 5/8]"
11a_110,N,n/a
11a_111,N,n/a
11a_112,N,n/a
11a_113,N,n/a
11a_114,N,n/a
11a_115,N,n/a
11a_116,N,n/a
11a_117,N,n/a
11a_118,Y,"[1/2, 1/3, 7/9]"
11a_119,N,n/a
11a_120,N,n/a
11a_121,N,n/a
11a_122,N,n/a
11a_123,N,n/a
11a_124,N,n/a
11a_125,N,n/a
11a_126,N,n/a
11a_127,N,n/a
11a_128,Y,"[2/3, 2/3, 5/7]"
11a_129,N,n/a
11a_130,N,n/a
11a_131,N,n/a
11a_132,N,n/a
11a_133,Y,"[2/3, 2/5, 1/4]"
11a_134,Y,"[2/3, 2/3, 3/8]"
11a_135,N,n/a
11a_136,N,n/a
11a_137,N,n/a
11a_138,N,n/a
11a_139,Y,"[2/3, 1/3, 7/4]"
11a_140,N,n/a
11a_141,N,n/a
11a_142,Y,"[1/3, 2/5, 1/4]"
11a_143,Y,"[1/3, 2/5, 3/4]"
11a_144,N,n/a
11a_145,N,n/a
11a_146,N,n/a
11a_147,N,n/a
11a_148,N,n/a
11a_149,N,n/a
11a_150,N,n/a
11a_151,N,n/a
11a_152,N,n/a
11a_153,Y,"[1/2, 1/3, 9/7]"
11a_154,N,n/a
11a_155,N,n/a
11a_156,N,n/a
11a_157,N,n/a
11a_158,N,n/a
11a_159,N,n/a
11a_160,N,n/a
11a_161,Y,"[1/2, 1/3, 2/9]"
11a_162,N,n/a
11a_163,N,n/a
11a_164,N,n/a
11a_165,Y,"[2/3, 1/3, 5/4]"
11a_166,N,n/a
11a_167,N,n/a
11a_168,N,n/a
11a_169,N,n/a
11a_170,N,n/a
11a_171,N,n/a
11a_172,N,n/a
11a_173,N,n/a
11a_174,N,n/a
11a_175,N,n/a
11a_176,N,n/a
11a_177,N,n/a
11a_178,N,n/a
11a_179,N,n/a
11a_180,N,n/a
11a_181,Y,"[2/3, 2/3, 7/3]"
11a_182,N,n/a
11a_183,N,n/a
11a_184,N,n/a
11a_185,N,n/a
11a_186,N,n/a
11a_187,Y,"[2/3, 1/3, 8/5]"
11a_188,N,n/a
11a_189,N,n/a
11a_190,N,n/a
11a_191,N,n/a
11a_192,N,n/a
11a_193,N,n/a
11a_194,Y,"[1/3, 1/3, 5/8]"
11a_195,N,n/a
11a_196,N,n/a
11a_197,N,n/a
11a_198,Y,"[1/3, 3/5, 3/5]"
11a_199,Y,"[2/3, 1/3, 4/7]"
11a_200,Y,"[1/3, 2/5, 2/5]"
11a_201,Y,"[2/3, 1/3, 4/5]"
11a_202,Y,"[2/3, 2/3, 3/7]"
11a_203,N,n/a
11a_204,N,n/a
11a_205,N,n/a
11a_206,N,n/a
11a_207,N,n/a
11a_208,N,n/a
11a_209,N,n/a
11a_210,N,n/a
11a_211,N,n/a
11a_212,N,n/a
11a_213,N,n/a
11a_214,Y,"[2/3, 2/3, 1/5]"
11a_215,N,n/a
11a_216,N,n/a
11a_217,N,n/a
11a_218,N,n/a
11a_219,Y,"[1/3, 1/3, 5/7]"
11a_220,N,n/a
11a_221,Y,"[1/2, 1/3, 9/5]"
11a_222,Y,"[1/2, 1/3, 11/7]"
11a_223,Y,"[1/3, 1/3, 3/8]"
11a_224,N,n/a
11a_225,N,n/a
11a_226,N,n/a
11a_227,N,n/a
11a_228,N,n/a
11a_229,N,n/a
11a_230,N,n/a
11a_231,Y,"[1/2, 1/3, 2/3, 1/3]"
11a_232,N,n/a
11a_233,N,n/a
11a_234,N,n/a
11a_235,N,n/a
11a_236,N,n/a
11a_237,Y,"[1/3, 1/3, 7/5]"
11a_238,N,n/a
11a_239,N,n/a
11a_240,Y,"[1/2, 1/3, 6/5]"
11a_241,Y,"[1/2, 1/3, 10/7]"
11a_242,N,n/a
11a_243,N,n/a
11a_244,N,n/a
11a_245,Y,"[1/2, 1/3, 10/3]"
11a_246,N,n/a
11a_247,N,n/a
11a_248,N,n/a
11a_249,N,n/a
11a_250,N,n/a
11a_251,N,n/a
11a_252,N,n/a
11a_253,N,n/a
11a_254,N,n/a
11a_255,N,n/a
11a_256,N,n/a
11a_257,Y,"[1/2, 1/3, 7/11]"
11a_258,Y,"[1/2, 1/3, 5/9]"
11a_259,Y,"[1/2, 1/3, 4/11]"
11a_260,Y,"[1/2, 1/3, 4/9]"
11a_261,N,n/a
11a_262,N,n/a
11a_263,Y,"[1/2, 1/3, 1/3, 1/3]"
11a_264,N,n/a
11a_265,N,n/a
11a_266,N,n/a
11a_267,N,n/a
11a_268,N,n/a
11a_269,N,n/a
11a_270,N,n/a
11a_271,N,n/a
11a_272,N,n/a
11a_273,N,n/a
11a_274,N,n/a
11a_275,N,n/a
11a_276,N,n/a
11a_277,N,n/a
11a_278,N,n/a
11a_279,N,n/a
11a_280,N,n/a
11a_281,N,n/a
11a_282,N,n/a
11a_283,N,n/a
11a_284,N,n/a
11a_285,N,n/a
11a_286,N,n/a
11a_287,N,n/a
11a_288,N,n/a
11a_289,N,n/a
11a_290,N,n/a
11a_291,N,n/a
11a_292,N,n/a
11a_293,N,n/a
11a_294,N,n/a
11a_295,N,n/a
11a_296,N,n/a
11a_297,N,n/a
11a_298,N,n/a
11a_299,N,n/a
11a_300,N,n/a
11a_301,N,n/a
11a_302,N,n/a
11a_303,N,n/a
11a_304,N,n/a
11a_305,N,n/a
11a_306,N,n/a
11a_307,N,n/a
11a_308,N,n/a
11a_309,N,n/a
11a_310,N,n/a
11a_311,N,n/a
11a_312,N,n/a
11a_313,N,n/a
11a_314,N,n/a
11a_315,N,n/a
11a_316,N,n/a
11a_317,N,n/a
11a_318,N,n/a
11a_319,N,n/a
11a_320,N,n/a
11a_321,N,n/a
11a_322,N,n/a
11a_323,N,n/a
11a_324,N,n/a
11a_325,N,n/a
11a_326,N,n/a
11a_327,N,n/a
11a_328,N,n/a
11a_329,N,n/a
11a_330,N,n/a
11a_331,N,n/a
11a_332,N,n/a
11a_333,N,n/a
11a_334,N,n/a
11a_335,N,n/a
11a_336,N,n/a
11a_337,N,n/a
11a_338,Y,"[1/3, 1/3, 5/4]"
11a_339,N,n/a
11a_340,Y,"[1/3, 1/3, 7/4]"
11a_341,N,n/a
11a_342,N,n/a
11a_343,N,n/a
11a_344,N,n/a
11a_345,N,n/a
11a_346,N,n/a
11a_347,N,n/a
11a_348,N,n/a
11a_349,N,n/a
11a_350,N,n/a
11a_351,N,n/a
11a_352,N,n/a
11a_353,N,n/a
11a_354,N,n/a
11a_355,N,n/a
11a_356,N,n/a
11a_357,N,n/a
11a_358,N,n/a
11a_359,N,n/a
11a_360,N,n/a
11a_361,Y,"[1/3, 1/3, 3/7]"
11a_362,Y,"[1/3, 1/3, 1/5]"
11a_363,N,n/a
11a_364,N,n/a
11a_365,N,n/a
11a_366,Y,"[1/3, 1/3, 7/3]"
11a_367,N,n/a
11n_1,Y,"[1/2, 3/5, -5/7]"
11n_2,Y,"[1/2, 3/5, -2/7]"
11n_3,Y,"[1/2, -3/5, 5/7]"
11n_4,N,n/a
11n_5,N,n/a
11n_6,N,n/a
11n_7,N,n/a
11n_8,N,n/a
11n_9,N,n/a
11n_10,N,n/a
11n_11,N,n/a
11n_12,Y,"[1/2, -3/5, 2/7]"
11n_13,Y,"[1/2, 3/5, -4/5]"
11n_14,Y,"[1/2, 3/5, -1/5]"
11n_15,Y,"[1/2, -3/5, 4/5]"
11n_16,Y,"[1/2, 3/5, -4/7]"
11n_17,Y,"[1/2, 3/5, -3/7]"
11n_18,Y,"[1/2, -3/5, 4/7]"
11n_19,Y,"[1/2, -3/5, 1/5]"
11n_20,Y,"[1/2, -3/5, 3/7]"
11n_21,N,n/a
11n_22,N,n/a
11n_23,N,n/a
11n_24,N,n/a
11n_25,N,n/a
11n_26,N,n/a
11n_27,N,n/a
11n_28,Y,"[1/2, 2/3, -7/9]"
11n_29,Y,"[1/2, 2/3, -2/9]"
11n_30,Y,"[1/2, -2/3, 7/9]"
11n_31,N,n/a
11n_32,N,n/a
11n_33,N,n/a
11n_34,N,n/a
11n_35,N,n/a
11n_36,N,n/a
11n_37,N,n/a
11n_38,Y,"[1/2, -2/3, 2/9]"
11n_39,N,n/a
11n_40,N,n/a
11n_41,N,n/a
11n_42,N,n/a
11n_43,N,n/a
11n_44,N,n/a
11n_45,N,n/a
11n_46,N,n/a
11n_47,N,n/a
11n_48,Y,"[2/3, -2/5, -3/4]"
11n_49,Y,"[2/3, -2/5, -1/4]"
11n_50,Y,"[2/3, -3/5, -2/5]"
11n_51,Y,"[1/2, 2/3, -8/11]"
11n_52,Y,"[1/2, 2/3, -3/11]"
11n_53,Y,"[1/2, -2/3, 8/11]"
11n_54,Y,"[1/2, 2/3, -8/13]"
11n_55,Y,"[1/2, 2/3, -5/13]"
11n_56,Y,"[1/2, -2/3, 8/13]"
11n_57,Y,"[1/2, -2/3, 3/11]"
11n_58,Y,"[1/2, 2/3, -7/11]"
11n_59,Y,"[1/2, 2/3, -4/11]"
11n_60,Y,"[1/2, -2/3, 7/11]"
11n_61,Y,"[1/2, -2/3, 5/13]"
11n_62,Y,"[1/2, 2/3, -5/9]"
11n_63,Y,"[1/2, 2/3, -4/9]"
11n_64,Y,"[1/2, -2/3, 5/9]"
11n_65,N,n/a
11n_66,N,n/a
11n_67,N,n/a
11n_68,N,n/a
11n_69,N,n/a
11n_70,Y,"[1/2, -2/3, 4/11]"
11n_71,Y,"[1/2, 2/3, -2/3, 2/3]"
11n_72,Y,"[1/2, 2/3, 2/3, -1/3]"
11n_73,Y,"[1/2, 2/3, -2/3, -2/3]"
11n_74,Y,"[1/2, 2/3, -2/3, -1/3]"
11n_75,Y,"[1/2, 2/3, 2/3, -2/3]"
11n_76,Y,"[1/2, 2/3, -2/3, 1/3]"
11n_77,Y,"[1/2, 2/3, -1/3, -1/3]"
11n_78,Y,"[1/2, -2/3, 2/3, 1/3]"
11n_79,Y,"[1/2, -2/3, 4/9]"
11n_80,N,n/a
11n_81,Y,"[1/2, -2/3, 1/3, 1/3]"
11n_82,Y,"[2/3, -3/5, 1/4]"
11n_83,Y,"[2/3, -3/5, 3/4]"
11n_84,Y,"[2/3, -3/5, 2/5]"
11n_85,Y,"[2/3, -2/3, 5/8]"
11n_86,N,n/a
11n_87,Y,"[2/3, 2/3, -5/8]"
11n_88,Y,"[2/3, -3/5, -1/4]"
11n_89,Y,"[2/3, 3/5, -1/4]"
11n_90,Y,"[2/3, -3/5, -3/4]"
11n_91,Y,"[2/3, 3/5, -3/4]"
11n_92,N,n/a
11n_93,N,n/a
11n_94,N,n/a
11n_95,N,n/a
11n_96,N,n/a
11n_97,N,n/a
11n_98,N,n/a
11n_99,N,n/a
11n_100,Y,"[2/3, -2/3, 5/7]"
11n_101,Y,"[2/3, 2/3, -5/7]"
11n_102,Y,"[2/3, -1/3, -2/7]"
11n_103,Y,"[2/3, 3/5, -2/5]"
11n_104,Y,"[2/3, -1/3, -3/8]"
11n_105,Y,"[2/3, 2/3, -3/8]"
11n_106,Y,"[2/3, -2/3, 3/8]"
11n_107,Y,"[2/3, -1/3, -5/8]"
11n_108,N,n/a
11n_109,N,n/a
11n_110,N,n/a
11n_111,N,n/a
11n_112,N,n/a
11n_113,N,n/a
11n_114,N,n/a
11n_115,N,n/a
11n_116,N,n/a
11n_117,N,n/a
11n_118,N,n/a
11n_119,N,n/a
11n_120,N,n/a
11n_121,N,n/a
11n_122,Y,"[2/3, -2/3, 3/7]"
11n_123,N,n/a
11n_124,N,n/a
11n_125,N,n/a
11n_126,N,n/a
11n_127,N,n/a
11n_128,N,n/a
11n_129,N,n/a
11n_130,N,n/a
11n_131,N,n/a
11n_132,N,n/a
11n_133,N,n/a
11n_134,N,n/a
11n_135,N,n/a
11n_136,N,n/a
11n_137,Y,"[2/3, 2/3, -3/7]"
11n_138,Y,"[2/3, -1/3, -4/7]"
11n_139,Y,"[2/3, -2/3, 1/5]"
11n_140,Y,"[2/3, 2/3, -1/5]"
11n_141,Y,"[2/3, -1/3, -4/5]"
11n_142,N,n/a
11n_143,N,n/a
11n_144,N,n/a
11n_145,N,n/a
11n_146,N,n/a
11n_147,N,n/a
11n_148,N,n/a
11n_149,N,n/a
11n_150,N,n/a
11n_151,N,n/a
11n_152,N,n/a
11n_153,N,n/a
11n_154,N,n/a
11n_155,N,n/a
11n_156,N,n/a
11n_157,N,n/a
11n_158,N,n/a
11n_159,N,n/a
11n_160,N,n/a
11n_161,N,n/a
11n_162,N,n/a
11n_163,N,n/a
11n_164,N,n/a
11n_165,N,n/a
11n_166,N,n/a
11n_167,N,n/a
11n_168,N,n/a
11n_169,N,n/a
11n_170,N,n/a
11n_171,N,n/a
11n_172,N,n/a
11n_173,N,n/a
11n_174,N,n/a
11n_175,N,n/a
11n_176,N,n/a
11n_177,N,n/a
11n_178,N,n/a
11n_179,N,n/a
11n_180,N,n/a
11n_181,N,n/a
11n_182,N,n/a
11n_183,N,n/a
11n_184,N,n/a
11n_185,N,n/a
12a_1,N,n/a
12a_2,N,n/a
12a_3,Y,"[1/2, 3/5, 7/9]"
12a_4,N,n/a
12a_5,N,n/a
12a_6,N,n/a
12a_7,N,n/a
12a_8,N,n/a
12a_9,Y,"[1/2, 3/5, 2/9]"
12a_10,N,n/a
12a_11,N,n/a
12a_12,Y,"[1/2, 3/5, 9/7]"
12a_13,N,n/a
12a_14,N,n/a
12a_15,N,n/a
12a_16,Y,"[1/2, 3/5, 8/11]"
12a_17,Y,"[1/2, 3/5, 8/13]"
12a_18,Y,"[1/2, 3/5, 3/11]"
12a_19,Y,"[1/2, 3/5, 7/11]"
12a_20,Y,"[1/2, 3/5, 5/13]"
12a_21,Y,"[1/2, 3/5, 12/7]"
12a_22,Y,"[1/2, 3/5, 5/9]"
12a_23,N,n/a
12a_24,Y,"[1/2, 3/5, 4/11]"
12a_25,Y,"[1/2, 3/5, 13/5]"
12a_26,Y,"[1/2, 3/5, 9/5]"
12a_27,Y,"[1/2, 3/5, 11/7]"
12a_28,Y,"[1/2, 3/5, 12/5]"
12a_29,Y,"[1/2, 2/3, 2/3, 3/5]"
12a_30,Y,"[1/2, 1/3, 2/3, 3/5]"
12a_31,Y,"[1/2, 3/5, 4/9]"
12a_32,Y,"[1/2, 2/3, 18/5]"
12a_33,Y,"[1/2, 2/3, 1/3, 3/5]"
12a_34,Y,"[1/2, 3/5, 6/5]"
12a_35,Y,"[1/2, 3/5, 10/7]"
12a_36,Y,"[1/2, 1/3, 1/3, 3/5]"
12a_37,Y,"[1/2, 1/3, 18/5]"
12a_38,N,n/a
12a_39,N,n/a
12a_40,N,n/a
12a_41,N,n/a
12a_42,Y,"[1/2, 2/3, 9/11]"
12a_43,N,n/a
12a_44,N,n/a
12a_45,N,n/a
12a_46,N,n/a
12a_47,N,n/a
12a_48,N,n/a
12a_49,N,n/a
12a_50,N,n/a
12a_51,N,n/a
12a_52,N,n/a
12a_53,N,n/a
12a_54,N,n/a
12a_55,N,n/a
12a_56,Y,"[1/2, 2/3, 2/11]"
12a_57,N,n/a
12a_58,N,n/a
12a_59,N,n/a
12a_60,N,n/a
12a_61,N,n/a
12a_62,Y,"[1/2, 2/3, 11/9]"
12a_63,N,n/a
12a_64,N,n/a
12a_65,N,n/a
12a_66,N,n/a
12a_67,N,n/a
12a_68,N,n/a
12a_69,N,n/a
12a_70,N,n/a
12a_71,N,n/a
12a_72,N,n/a
12a_73,N,n/a
12a_74,N,n/a
12a_75,N,n/a
12a_76,N,n/a
12a_77,Y,"[1/2, 2/3, 13/21]"
12a_78,Y,"[1/2, 2/3, 5/17]"
12a_79,N,n/a
12a_80,N,n/a
12a_81,Y,"[1/2, 2/3, 16/9]"
12a_82,Y,"[1/2, 2/3, 12/17]"
12a_83,Y,"[1/2, 2/3, 12/19]"
12a_84,Y,"[1/2, 2/3, 11/19]"
12a_85,Y,"[1/2, 2/3, 9/13]"
12a_86,Y,"[1/2, 2/3, 11/15]"
12a_87,Y,"[1/2, 2/3, 7/19]"
12a_88,N,n/a
12a_89,N,n/a
12a_90,N,n/a
12a_91,N,n/a
12a_92,N,n/a
12a_93,N,n/a
12a_94,N,n/a
12a_95,Y,"[1/2, 2/3, 8/21]"
12a_96,Y,"[1/2, 2/3, 4/13]"
12a_97,Y,"[1/2, 2/3, 4/15]"
12a_98,Y,"[1/2, 2/3, 19/11]"
12a_99,Y,"[1/2, 2/3, 21/13]"
12a_100,N,n/a
12a_101,N,n/a
12a_102,N,n/a
12a_103,N,n/a
12a_104,Y,"[1/2, 2/3, 19/7]"
12a_105,N,n/a
12a_106,Y,"[1/2, 2/3, 16/7]"
12a_107,N,n/a
12a_108,N,n/a
12a_109,N,n/a
12a_110,Y,"[1/2, 2/3, 8/19]"
12a_111,N,n/a
12a_112,Y,"[1/2, 2/3, 15/11]"
12a_113,Y,"[1/2, 2/3, 3/5, 2/3]"
12a_114,Y,"[1/2, 2/3, 2/5, 2/3]"
12a_115,N,n/a
12a_116,Y,"[1/2, 2/3, 2/5, 1/3]"
12a_117,Y,"[1/2, 2/3, 2/3, 2/5]"
12a_118,Y,"[1/2, 2/3, 17/5]"
12a_119,Y,"[1/2, 2/3, 2/3, 5/3]"
12a_120,N,n/a
12a_121,Y,"[1/2, 2/3, 13/9]"
12a_122,Y,"[1/2, 2/3, 1/3, 2/5]"
12a_123,N,n/a
12a_124,Y,"[1/2, 2/5, 7/9]"
12a_125,N,n/a
12a_126,N,n/a
12a_127,N,n/a
12a_128,Y,"[1/2, 2/5, 2/9]"
12a_129,N,n/a
12a_130,Y,"[1/2, 2/5, 9/7]"
12a_131,N,n/a
12a_132,N,n/a
12a_133,N,n/a
12a_134,N,n/a
12a_135,N,n/a
12a_136,N,n/a
12a_137,N,n/a
12a_138,N,n/a
12a_139,N,n/a
12a_140,N,n/a
12a_141,Y,"[1/2, 2/3, 14/11]"
12a_142,Y,"[1/2, 2/3, 18/11]"
12a_143,Y,"[1/2, 2/3, 6/7]"
12a_144,Y,"[1/2, 2/3, 10/13]"
12a_145,Y,"[1/2, 2/3, 10/17]"
12a_146,Y,"[1/2, 2/3, 1/7]"
12a_147,Y,"[1/2, 2/3, 3/13]"
12a_148,Y,"[1/2, 2/3, 7/17]"
12a_149,Y,"[1/2, 2/3, 18/13]"
12a_150,N,n/a
12a_151,Y,"[1/2, 2/3, 14/9]"
12a_152,Y,"[1/2, 2/3, 6/11]"
12a_153,Y,"[1/2, 2/3, 5/11]"
12a_154,N,n/a
12a_155,N,n/a
12a_156,N,n/a
12a_157,Y,"[1/2, 2/3, 3/5, 1/3]"
12a_158,Y,"[1/2, 2/3, 14/5]"
12a_159,Y,"[1/2, 2/3, 18/7]"
12a_160,Y,"[1/2, 2/3, 11/5]"
12a_161,Y,"[1/2, 2/3, 17/7]"
12a_162,N,n/a
12a_163,N,n/a
12a_164,Y,"[1/2, 2/3, 2/3, 4/3]"
12a_165,Y,"[1/2, 2/3, 14/3]"
12a_166,Y,"[1/2, 2/3, 1/3, 5/3]"
12a_167,Y,"[1/2, 2/3, 1/3, 4/3]"
12a_168,Y,"[1/2, 2/3, 13/3]"
12a_169,N,n/a
12a_170,Y,"[1/2, 2/5, 8/11]"
12a_171,Y,"[1/2, 2/5, 8/13]"
12a_172,Y,"[1/2, 2/5, 3/11]"
12a_173,Y,"[1/2, 2/5, 7/11]"
12a_174,Y,"[1/2, 2/5, 5/13]"
12a_175,Y,"[1/2, 2/5, 12/7]"
12a_176,Y,"[1/2, 2/5, 5/9]"
12a_177,N,n/a
12a_178,Y,"[1/2, 2/5, 4/11]"
12a_179,Y,"[1/2, 2/5, 9/5]"
12a_180,Y,"[1/2, 2/5, 11/7]"
12a_181,Y,"[1/2, 2/5, 12/5]"
12a_182,Y,"[1/2, 1/3, 2/3, 2/5]"
12a_183,Y,"[1/2, 2/5, 4/9]"
12a_184,N,n/a
12a_185,N,n/a
12a_186,N,n/a
12a_187,N,n/a
12a_188,N,n/a
12a_189,N,n/a
12a_190,N,n/a
12a_191,N,n/a
12a_192,N,n/a
12a_193,Y,"[1/2, 2/5, 6/5]"
12a_194,Y,"[1/2, 2/5, 10/7]"
12a_195,Y,"[1/2, 1/3, 1/3, 2/5]"
12a_196,Y,"[1/2, 1/3, 17/5]"
12a_197,N,n/a
12a_198,N,n/a
12a_199,N,n/a
12a_200,N,n/a
12a_201,N,n/a
12a_202,N,n/a
12a_203,Y,"[1/2, 1/3, 13/21]"
12a_204,N,n/a
12a_205,Y,"[1/2, 1/3, 14/11]"
12a_206,N,n/a
12a_207,N,n/a
12a_208,Y,"[2/3, 2/3, 9/7]"
12a_209,N,n/a
12a_210,Y,"[1/2, 5/7, 5/7]"
12a_211,N,n/a
12a_212,Y,"[1/2, 5/7, 2/7]"
12a_213,N,n/a
12a_214,N,n/a
12a_215,Y,"[3/5, 3/5, 3/4]"
12a_216,Y,"[3/5, 2/5, 1/4]"
12a_217,Y,"[2/3, 3/5, 3/8]"
12a_218,Y,"[3/5, 2/5, 3/4]"
12a_219,Y,"[2/3, 3/5, 7/4]"
12a_220,Y,"[1/3, 3/5, 5/8]"
12a_221,N,n/a
12a_222,N,n/a
12a_223,N,n/a
12a_224,N,n/a
12a_225,Y,"[2/3, 3/5, 5/8]"
12a_226,N,n/a
12a_227,N,n/a
12a_228,N,n/a
12a_229,Y,"[2/3, 2/3, 5/13]"
12a_230,N,n/a
12a_231,N,n/a
12a_232,Y,"[2/3, 2/5, 7/5]"
12a_233,N,n/a
12a_234,Y,"[1/2, 5/7, 4/5]"
12a_235,Y,"[1/2, 5/7, 4/7]"
12a_236,Y,"[1/2, 5/7, 1/5]"
12a_237,Y,"[1/2, 5/7, 3/7]"
12a_238,Y,"[1/2, 1/3, 19/7]"
12a_239,N,n/a
12a_240,Y,"[1/2, 1/3, 18/13]"
12a_241,N,n/a
12a_242,Y,"[1/2, 1/3, 21/13]"
12a_243,N,n/a
12a_244,N,n/a
12a_245,N,n/a
12a_246,Y,"[1/2, 1/3, 8/21]"
12a_247,N,n/a
12a_248,Y,"[3/5, 3/5, 1/4]"
12a_249,Y,"[2/3, 3/5, 5/4]"
12a_250,Y,"[1/3, 3/5, 3/8]"
12a_251,N,n/a
12a_252,Y,"[1/3, 3/5, 5/4]"
12a_253,Y,"[1/3, 3/5, 7/4]"
12a_254,N,n/a
12a_255,N,n/a
12a_256,N,n/a
12a_257,N,n/a
12a_258,Y,"[1/2, 1/3, 19/11]"
12a_259,N,n/a
12a_260,N,n/a
12a_261,N,n/a
12a_262,N,n/a
12a_263,Y,"[2/3, 2/5, 5/8]"
12a_264,N,n/a
12a_265,N,n/a
12a_266,N,n/a
12a_267,N,n/a
12a_268,N,n/a
12a_269,N,n/a
12a_270,Y,"[2/3, 1/3, 2/9]"
12a_271,N,n/a
12a_272,Y,"[2/3, 3/5, 2/7]"
12a_273,N,n/a
12a_274,Y,"[2/3, 1/4, 5/7]"
12a_275,Y,"[2/3, 3/4, 5/7]"
12a_276,N,n/a
12a_277,Y,"[2/3, 3/4, 2/7]"
12a_278,Y,"[2/3, 2/5, 5/4]"
12a_279,Y,"[2/3, 2/5, 7/4]"
12a_280,Y,"[2/3, 2/3, 11/8]"
12a_281,Y,"[2/3, 2/3, 13/8]"
12a_282,N,n/a
12a_283,N,n/a
12a_284,N,n/a
12a_285,N,n/a
12a_286,N,n/a
12a_287,N,n/a
12a_288,N,n/a
12a_289,N,n/a
12a_290,N,n/a
12a_291,N,n/a
12a_292,N,n/a
12a_293,N,n/a
12a_294,N,n/a
12a_295,Y,"[2/3, 2/3, 7/12]"
12a_296,N,n/a
12a_297,Y,"[2/3, 1/3, 5/12]"
12a_298,Y,"[2/3, 1/3, 7/12]"
12a_299,Y,"[1/2, 1/3, 11/19]"
12a_300,N,n/a
12a_301,N,n/a
12a_302,N,n/a
12a_303,N,n/a
12a_304,Y,"[1/2, 1/3, 7/19]"
12a_305,Y,"[1/2, 1/3, 12/19]"
12a_306,N,n/a
12a_307,N,n/a
12a_308,N,n/a
12a_309,N,n/a
12a_310,N,n/a
12a_311,N,n/a
12a_312,N,n/a
12a_313,N,n/a
12a_314,N,n/a
12a_315,N,n/a
12a_316,N,n/a
12a_317,N,n/a
12a_318,N,n/a
12a_319,N,n/a
12a_320,N,n/a
12a_321,N,n/a
12a_322,N,n/a
12a_323,N,n/a
12a_324,N,n/a
12a_325,N,n/a
12a_326,N,n/a
12a_327,Y,"[3/5, 2/5, 2/5]"
12a_328,N,n/a
12a_329,Y,"[1/2, 1/3, 16/9]"
12a_330,N,n/a
12a_331,N,n/a
12a_332,Y,"[2/3, 2/3, 7/9]"
12a_333,N,n/a
12a_334,N,n/a
12a_335,N,n/a
12a_336,N,n/a
12a_337,N,n/a
12a_338,Y,"[2/3, 2/5, 5/7]"
12a_339,N,n/a
12a_340,N,n/a
12a_341,N,n/a
12a_342,N,n/a
12a_343,N,n/a
12a_344,N,n/a
12a_345,Y,"[1/2, 2/7, 2/7]"
12a_346,N,n/a
12a_347,N,n/a
12a_348,N,n/a
12a_349,N,n/a
12a_350,N,n/a
12a_351,N,n/a
12a_352,N,n/a
12a_353,N,n/a
12a_354,N,n/a
12a_355,N,n/a
12a_356,Y,"[2/3, 1/4, 2/7]"
12a_357,Y,"[2/3, 2/5, 3/8]"
12a_358,N,n/a
12a_359,N,n/a
12a_360,N,n/a
12a_361,N,n/a
12a_362,N,n/a
12a_363,N,n/a
12a_364,N,n/a
12a_365,N,n/a
12a_366,N,n/a
12a_367,Y,"[2/3, 3/4, 4/5]"
12a_368,Y,"[2/3, 3/4, 4/7]"
12a_369,Y,"[2/3, 1/4, 1/5]"
12a_370,Y,"[2/3, 1/4, 3/7]"
12a_371,Y,"[2/3, 3/4, 1/5]"
12a_372,Y,"[2/3, 3/4, 3/7]"
12a_373,Y,"[2/3, 2/3, 11/4]"
12a_374,Y,"[2/3, 1/3, 13/8]"
12a_375,Y,"[2/3, 1/3, 9/4]"
12a_376,Y,"[2/3, 1/3, 11/4]"
12a_377,N,n/a
12a_378,N,n/a
12a_379,N,n/a
12a_380,N,n/a
12a_381,Y,"[2/5, 2/5, 3/4]"
12a_382,Y,"[1/3, 2/5, 3/8]"
12a_383,Y,"[1/3, 2/5, 5/8]"
12a_384,N,n/a
12a_385,N,n/a
12a_386,N,n/a
12a_387,N,n/a
12a_388,N,n/a
12a_389,N,n/a
12a_390,N,n/a
12a_391,N,n/a
12a_392,N,n/a
12a_393,N,n/a
12a_394,N,n/a
12a_395,N,n/a
12a_396,N,n/a
12a_397,N,n/a
12a_398,N,n/a
12a_399,N,n/a
12a_400,N,n/a
12a_401,Y,"[2/3, 2/3, 3/11]"
12a_402,N,n/a
12a_403,N,n/a
12a_404,N,n/a
12a_405,N,n/a
12a_406,N,n/a
12a_407,N,n/a
12a_408,N,n/a
12a_409,N,n/a
12a_410,N,n/a
12a_411,N,n/a
12a_412,N,n/a
12a_413,N,n/a
12a_414,N,n/a
12a_415,N,n/a
12a_416,N,n/a
12a_417,N,n/a
12a_418,N,n/a
12a_419,N,n/a
12a_420,Y,"[1/2, 2/7, 4/5]"
12a_421,Y,"[1/2, 2/7, 4/7]"
12a_422,Y,"[1/2, 2/7, 1/5]"
12a_423,Y,"[1/2, 2/7, 3/7]"
12a_424,Y,"[1/2, 1/3, 16/7]"
12a_425,N,n/a
12a_426,N,n/a
12a_427,N,n/a
12a_428,N,n/a
12a_429,N,n/a
12a_430,N,n/a
12a_431,N,n/a
12a_432,N,n/a
12a_433,Y,"[2/3, 2/3, 5/12]"
12a_434,N,n/a
12a_435,N,n/a
12a_436,Y,"[1/2, 1/3, 8/19]"
12a_437,N,n/a
12a_438,N,n/a
12a_439,N,n/a
12a_440,N,n/a
12a_441,N,n/a
12a_442,Y,"[2/3, 1/4, 4/5]"
12a_443,Y,"[2/3, 1/4, 4/7]"
12a_444,Y,"[2/3, 2/3, 9/4]"
12a_445,Y,"[2/3, 1/3, 11/8]"
12a_446,N,n/a
12a_447,N,n/a
12a_448,Y,"[2/5, 2/5, 1/4]"
12a_449,N,n/a
12a_450,N,n/a
12a_451,N,n/a
12a_452,N,n/a
12a_453,Y,"[1/3, 2/5, 7/4]"
12a_454,N,n/a
12a_455,N,n/a
12a_456,N,n/a
12a_457,N,n/a
12a_458,N,n/a
12a_459,N,n/a
12a_460,N,n/a
12a_461,N,n/a
12a_462,N,n/a
12a_463,Y,"[1/2, 1/3, 11/9]"
12a_464,N,n/a
12a_465,N,n/a
12a_466,N,n/a
12a_467,N,n/a
12a_468,N,n/a
12a_469,N,n/a
12a_470,N,n/a
12a_471,N,n/a
12a_472,N,n/a
12a_473,N,n/a
12a_474,N,n/a
12a_475,N,n/a
12a_476,N,n/a
12a_477,N,n/a
12a_478,N,n/a
12a_479,N,n/a
12a_480,N,n/a
12a_481,Y,"[1/3, 2/5, 5/4]"
12a_482,N,n/a
12a_483,N,n/a
12a_484,N,n/a
12a_485,N,n/a
12a_486,N,n/a
12a_487,N,n/a
12a_488,N,n/a
12a_489,N,n/a
12a_490,N,n/a
12a_491,N,n/a
12a_492,N,n/a
12a_493,N,n/a
12a_494,N,n/a
12a_495,N,n/a
12a_496,N,n/a
12a_497,N,n/a
12a_498,N,n/a
12a_499,N,n/a
12a_500,N,n/a
12a_501,N,n/a
12a_502,N,n/a
12a_503,Y,"[2/3, 2/3, 11/3]"
12a_504,Y,"[2/3, 1/3, 12/5]"
12a_505,Y,"[2/3, 2/3, 11/7]"
12a_506,N,n/a
12a_507,Y,"[1/2, 1/3, 5/17]"
12a_508,N,n/a
12a_509,N,n/a
12a_510,N,n/a
12a_511,N,n/a
12a_512,N,n/a
12a_513,Y,"[1/3, 3/5, 7/5]"
12a_514,N,n/a
12a_515,Y,"[2/3, 2/3, 13/5]"
12a_516,Y,"[2/3, 3/5, 8/5]"
12a_517,N,n/a
12a_518,N,n/a
12a_519,N,n/a
12a_520,N,n/a
12a_521,N,n/a
12a_522,N,n/a
12a_523,N,n/a
12a_524,Y,"[2/3, 1/3, 12/7]"
12a_525,Y,"[2/3, 2/3, 9/5]"
12a_526,N,n/a
12a_527,N,n/a
12a_528,N,n/a
12a_529,Y,"[2/3, 1/3, 8/13]"
12a_530,N,n/a
12a_531,Y,"[1/3, 3/4, 5/7]"
12a_532,N,n/a
12a_533,N,n/a
12a_534,N,n/a
12a_535,N,n/a
12a_536,N,n/a
12a_537,N,n/a
12a_538,N,n/a
12a_539,N,n/a
12a_540,N,n/a
12a_541,N,n/a
12a_542,Y,"[1/3, 1/3, 5/13]"
12a_543,N,n/a
12a_544,Y,"[1/2, 1/3, 12/17]"
12a_545,N,n/a
12a_546,N,n/a
12a_547,N,n/a
12a_548,Y,"[1/3, 1/4, 5/7]"
12a_549,N,n/a
12a_550,N,n/a
12a_551,N,n/a
12a_552,N,n/a
12a_553,N,n/a
12a_554,Y,"[2/3, 2/3, 2/3, 1/3]"
12a_555,N,n/a
12a_556,N,n/a
12a_557,Y,"[1/3, 2/5, 2/7]"
12a_558,N,n/a
12a_559,N,n/a
12a_560,Y,"[1/3, 3/5, 5/7]"
12a_561,Y,"[3/5, 3/5, 3/5]"
12a_562,Y,"[2/3, 1/3, 8/11]"
12a_563,Y,"[2/3, 1/3, 4/9]"
12a_564,Y,"[2/3, 1/3, 4/11]"
12a_565,Y,"[2/3, 3/5, 4/7]"
12a_566,Y,"[2/3, 3/5, 4/5]"
12a_567,N,n/a
12a_568,Y,"[2/3, 2/5, 3/7]"
12a_569,Y,"[2/3, 2/3, 5/9]"
12a_570,Y,"[2/3, 2/3, 7/11]"
12a_571,N,n/a
12a_572,N,n/a
12a_573,N,n/a
12a_574,Y,"[2/3, 2/3, 5/6]"
12a_575,Y,"[2/3, 2/3, 7/10]"
12a_576,Y,"[2/3, 1/3, 1/6]"
12a_577,Y,"[2/3, 1/3, 3/10]"
12a_578,Y,"[2/3, 1/3, 7/10]"
12a_579,N,n/a
12a_580,N,n/a
12a_581,N,n/a
12a_582,N,n/a
12a_583,N,n/a
12a_584,N,n/a
12a_585,N,n/a
12a_586,N,n/a
12a_587,N,n/a
12a_588,N,n/a
12a_589,N,n/a
12a_590,N,n/a
12a_591,Y,"[1/2, 1/3, 9/11]"
12a_592,N,n/a
12a_593,N,n/a
12a_594,Y,"[2/3, 1/3, 5/6]"
12a_595,N,n/a
12a_596,N,n/a
12a_597,N,n/a
12a_598,N,n/a
12a_599,N,n/a
12a_600,N,n/a
12a_601,N,n/a
12a_602,N,n/a
12a_603,N,n/a
12a_604,N,n/a
12a_605,N,n/a
12a_606,N,n/a
12a_607,N,n/a
12a_608,N,n/a
12a_609,N,n/a
12a_610,N,n/a
12a_611,N,n/a
12a_612,N,n/a
12a_613,N,n/a
12a_614,N,n/a
12a_615,N,n/a
12a_616,N,n/a
12a_617,N,n/a
12a_618,N,n/a
12a_619,Y,"[2/3, 2/5, 1/5]"
12a_620,N,n/a
12a_621,N,n/a
12a_622,N,n/a
12a_623,N,n/a
12a_624,N,n/a
12a_625,N,n/a
12a_626,N,n/a
12a_627,N,n/a
12a_628,N,n/a
12a_629,N,n/a
12a_630,N,n/a
12a_631,N,n/a
12a_632,N,n/a
12a_633,N,n/a
12a_634,N,n/a
12a_635,N,n/a
12a_636,Y,"[1/3, 1/3, 3/11]"
12a_637,N,n/a
12a_638,N,n/a
12a_639,N,n/a
12a_640,N,n/a
12a_641,Y,"[1/3, 1/4, 2/7]"
12a_642,Y,"[1/3, 3/4, 2/7]"
12a_643,N,n/a
12a_644,N,n/a
12a_645,N,n/a
12a_646,N,n/a
12a_647,N,n/a
12a_648,Y,"[2/3, 2/3, 3/10]"
12a_649,N,n/a
12a_650,N,n/a
12a_651,N,n/a
12a_652,N,n/a
12a_653,N,n/a
12a_654,N,n/a
12a_655,N,n/a
12a_656,N,n/a
12a_657,N,n/a
12a_658,N,n/a
12a_659,N,n/a
12a_660,N,n/a
12a_661,N,n/a
12a_662,N,n/a
12a_663,N,n/a
12a_664,N,n/a
12a_665,N,n/a
12a_666,N,n/a
12a_667,N,n/a
12a_668,N,n/a
12a_669,Y,"[1/2, 1/3, 2/11]"
12a_670,N,n/a
12a_671,N,n/a
12a_672,N,n/a
12a_673,N,n/a
12a_674,N,n/a
12a_675,N,n/a
12a_676,N,n/a
12a_677,N,n/a
12a_678,N,n/a
12a_679,Y,"[2/3, 2/3, 1/6]"
12a_680,N,n/a
12a_681,Y,"[1/2, 1/3, 15/11]"
12a_682,N,n/a
12a_683,Y,"[1/3, 1/3, 5/12]"
12a_684,N,n/a
12a_685,N,n/a
12a_686,N,n/a
12a_687,N,n/a
12a_688,N,n/a
12a_689,Y,"[1/2, 1/3, 13/9]"
12a_690,N,n/a
12a_691,N,n/a
12a_692,Y,"[1/2, 1/3, 2/3, 4/3]"
12a_693,Y,"[1/2, 1/3, 2/5, 1/3]"
12a_694,Y,"[1/2, 1/3, 3/5, 1/3]"
12a_695,N,n/a
12a_696,N,n/a
12a_697,N,n/a
12a_698,N,n/a
12a_699,N,n/a
12a_700,N,n/a
12a_701,N,n/a
12a_702,N,n/a
12a_703,N,n/a
12a_704,N,n/a
12a_705,N,n/a
12a_706,N,n/a
12a_707,N,n/a
12a_708,N,n/a
12a_709,N,n/a
12a_710,N,n/a
12a_711,N,n/a
12a_712,N,n/a
12a_713,N,n/a
12a_714,N,n/a
12a_715,N,n/a
12a_716,N,n/a
12a_717,N,n/a
12a_718,N,n/a
12a_719,Y,"[1/3, 1/3, 13/5]"
12a_720,N,n/a
12a_721,N,n/a
12a_722,N,n/a
12a_723,N,n/a
12a_724,N,n/a
12a_725,Y,"[2/3, 1/3, 10/3]"
12a_726,N,n/a
12a_727,N,n/a
12a_728,N,n/a
12a_729,N,n/a
12a_730,Y,"[2/3, 1/3, 10/7]"
12a_731,N,n/a
12a_732,N,n/a
12a_733,N,n/a
12a_734,N,n/a
12a_735,Y,"[2/3, 1/3, 6/5]"
12a_736,N,n/a
12a_737,Y,"[1/3, 1/3, 13/8]"
12a_738,N,n/a
12a_739,Y,"[1/3, 1/3, 11/8]"
12a_740,N,n/a
12a_741,N,n/a
12a_742,Y,"[1/3, 1/3, 7/12]"
12a_743,N,n/a
12a_744,N,n/a
12a_745,N,n/a
12a_746,N,n/a
12a_747,N,n/a
12a_748,Y,"[1/3, 2/5, 4/7]"
12a_749,Y,"[1/3, 3/5, 3/7]"
12a_750,Y,"[2/3, 1/3, 1/3, 1/3]"
12a_751,N,n/a
12a_752,Y,"[1/3, 2/5, 4/5]"
12a_753,Y,"[1/3, 3/5, 1/5]"
12a_754,N,n/a
12a_755,N,n/a
12a_756,N,n/a
12a_757,Y,"[1/2, 1/3, 18/11]"
12a_758,N,n/a
12a_759,N,n/a
12a_760,N,n/a
12a_761,N,n/a
12a_762,N,n/a
12a_763,N,n/a
12a_764,N,n/a
12a_765,N,n/a
12a_766,N,n/a
12a_767,Y,"[1/3, 1/3, 9/7]"
12a_768,N,n/a
12a_769,N,n/a
12a_770,N,n/a
12a_771,N,n/a
12a_772,Y,"[1/2, 1/3, 14/9]"
12a_773,N,n/a
12a_774,N,n/a
12a_775,N,n/a
12a_776,N,n/a
12a_777,N,n/a
12a_778,N,n/a
12a_779,N,n/a
12a_780,N,n/a
12a_781,N,n/a
12a_782,N,n/a
12a_783,N,n/a
12a_784,N,n/a
12a_785,N,n/a
12a_786,N,n/a
12a_787,Y,"[1/3, 1/3, 7/9]"
12a_788,N,n/a
12a_789,Y,"[1/2, 1/3, 14/5]"
12a_790,Y,"[1/2, 1/3, 18/7]"
12a_791,N,n/a
12a_792,N,n/a
12a_793,N,n/a
12a_794,Y,"[1/2, 1/3, 11/5]"
12a_795,Y,"[1/2, 1/3, 17/7]"
12a_796,N,n/a
12a_797,N,n/a
12a_798,N,n/a
12a_799,N,n/a
12a_800,Y,"[1/2, 1/3, 13/3]"
12a_801,Y,"[1/2, 1/3, 1/3, 4/3]"
12a_802,N,n/a
12a_803,N,n/a
12a_804,N,n/a
12a_805,N,n/a
12a_806,N,n/a
12a_807,N,n/a
12a_808,N,n/a
12a_809,N,n/a
12a_810,N,n/a
12a_811,N,n/a
12a_812,N,n/a
12a_813,N,n/a
12a_814,N,n/a
12a_815,N,n/a
12a_816,N,n/a
12a_817,N,n/a
12a_818,N,n/a
12a_819,N,n/a
12a_820,N,n/a
12a_821,N,n/a
12a_822,Y,"[1/2, 1/3, 9/13]"
12a_823,Y,"[1/2, 1/3, 11/15]"
12a_824,N,n/a
12a_825,N,n/a
12a_826,Y,"[1/2, 1/3, 4/13]"
12a_827,Y,"[1/2, 1/3, 4/15]"
12a_828,N,n/a
12a_829,N,n/a
12a_830,N,n/a
12a_831,N,n/a
12a_832,N,n/a
12a_833,N,n/a
12a_834,N,n/a
12a_835,Y,"[1/2, 1/3, 6/7]"
12a_836,Y,"[1/2, 1/3, 10/13]"
12a_837,Y,"[1/2, 1/3, 10/17]"
12a_838,Y,"[1/2, 1/3, 1/7]"
12a_839,Y,"[1/2, 1/3, 3/13]"
12a_840,Y,"[1/2, 1/3, 7/17]"
12a_841,N,n/a
12a_842,Y,"[1/2, 1/3, 6/11]"
12a_843,Y,"[1/2, 1/3, 5/11]"
12a_844,N,n/a
12a_845,N,n/a
12a_846,N,n/a
12a_847,N,n/a
12a_848,N,n/a
12a_849,N,n/a
12a_850,N,n/a
12a_851,N,n/a
12a_852,N,n/a
12a_853,N,n/a
12a_854,N,n/a
12a_855,N,n/a
12a_856,N,n/a
12a_857,N,n/a
12a_858,N,n/a
12a_859,N,n/a
12a_860,N,n/a
12a_861,N,n/a
12a_862,N,n/a
12a_863,N,n/a
12a_864,N,n/a
12a_865,N,n/a
12a_866,N,n/a
12a_867,N,n/a
12a_868,N,n/a
12a_869,N,n/a
12a_870,N,n/a
12a_871,N,n/a
12a_872,N,n/a
12a_873,N,n/a
12a_874,N,n/a
12a_875,N,n/a
12a_876,Y,"[1/2, 4/5, 4/5]"
12a_877,Y,"[1/2, 4/7, 4/5]"
12a_878,Y,"[1/2, 4/5, 1/5]"
12a_879,Y,"[1/2, 3/7, 4/5]"
12a_880,Y,"[1/2, 4/7, 4/7]"
12a_881,Y,"[1/2, 4/7, 1/5]"
12a_882,Y,"[1/2, 4/7, 3/7]"
12a_883,N,n/a
12a_884,N,n/a
12a_885,N,n/a
12a_886,N,n/a
12a_887,N,n/a
12a_888,N,n/a
12a_889,N,n/a
12a_890,N,n/a
12a_891,N,n/a
12a_892,N,n/a
12a_893,N,n/a
12a_894,N,n/a
12a_895,N,n/a
12a_896,N,n/a
12a_897,N,n/a
12a_898,N,n/a
12a_899,N,n/a
12a_900,N,n/a
12a_901,N,n/a
12a_902,N,n/a
12a_903,N,n/a
12a_904,N,n/a
12a_905,N,n/a
12a_906,N,n/a
12a_907,N,n/a
12a_908,N,n/a
12a_909,N,n/a
12a_910,N,n/a
12a_911,N,n/a
12a_912,N,n/a
12a_913,N,n/a
12a_914,N,n/a
12a_915,N,n/a
12a_916,N,n/a
12a_917,N,n/a
12a_918,N,n/a
12a_919,N,n/a
12a_920,N,n/a
12a_921,N,n/a
12a_922,N,n/a
12a_923,N,n/a
12a_924,N,n/a
12a_925,N,n/a
12a_926,N,n/a
12a_927,N,n/a
12a_928,N,n/a
12a_929,N,n/a
12a_930,N,n/a
12a_931,N,n/a
12a_932,N,n/a
12a_933,N,n/a
12a_934,N,n/a
12a_935,N,n/a
12a_936,N,n/a
12a_937,Y,"[1/2, 3/7, 1/5]"
12a_938,Y,"[1/2, 3/7, 3/7]"
12a_939,N,n/a
12a_940,N,n/a
12a_941,N,n/a
12a_942,N,n/a
12a_943,N,n/a
12a_944,N,n/a
12a_945,N,n/a
12a_946,N,n/a
12a_947,N,n/a
12a_948,N,n/a
12a_949,N,n/a
12a_950,N,n/a
12a_951,N,n/a
12a_952,N,n/a
12a_953,N,n/a
12a_954,N,n/a
12a_955,N,n/a
12a_956,N,n/a
12a_957,N,n/a
12a_958,N,n/a
12a_959,N,n/a
12a_960,N,n/a
12a_961,N,n/a
12a_962,N,n/a
12a_963,N,n/a
12a_964,N,n/a
12a_965,N,n/a
12a_966,N,n/a
12a_967,N,n/a
12a_968,N,n/a
12a_969,N,n/a
12a_970,N,n/a
12a_971,N,n/a
12a_972,N,n/a
12a_973,N,n/a
12a_974,N,n/a
12a_975,N,n/a
12a_976,N,n/a
12a_977,N,n/a
12a_978,N,n/a
12a_979,N,n/a
12a_980,N,n/a
12a_981,N,n/a
12a_982,N,n/a
12a_983,N,n/a
12a_984,N,n/a
12a_985,N,n/a
12a_986,N,n/a
12a_987,N,n/a
12a_988,N,n/a
12a_989,N,n/a
12a_990,N,n/a
12a_991,N,n/a
12a_992,N,n/a
12a_993,N,n/a
12a_994,N,n/a
12a_995,N,n/a
12a_996,N,n/a
12a_997,N,n/a
12a_998,N,n/a
12a_999,N,n/a
12a_1000,N,n/a
12a_1001,N,n/a
12a_1002,N,n/a
12a_1003,N,n/a
12a_1004,N,n/a
12a_1005,N,n/a
12a_1006,N,n/a
12a_1007,N,n/a
12a_1008,N,n/a
12a_1009,N,n/a
12a_1010,N,n/a
12a_1011,N,n/a
12a_1012,N,n/a
12a_1013,N,n/a
12a_1014,N,n/a
12a_1015,N,n/a
12a_1016,N,n/a
12a_1017,N,n/a
12a_1018,N,n/a
12a_1019,N,n/a
12a_1020,N,n/a
12a_1021,N,n/a
12a_1022,N,n/a
12a_1023,N,n/a
12a_1024,N,n/a
12a_1025,N,n/a
12a_1026,N,n/a
12a_1027,Y,"[1/3, 1/4, 4/5]"
12a_1028,Y,"[1/3, 3/4, 4/5]"
12a_1029,N,n/a
12a_1030,N,n/a
12a_1031,Y,"[1/3, 1/4, 4/7]"
12a_1032,Y,"[1/3, 3/4, 4/7]"
12a_1033,N,n/a
12a_1034,N,n/a
12a_1035,N,n/a
12a_1036,N,n/a
12a_1037,N,n/a
12a_1038,N,n/a
12a_1039,N,n/a
12a_1040,N,n/a
12a_1041,N,n/a
12a_1042,N,n/a
12a_1043,N,n/a
12a_1044,N,n/a
12a_1045,N,n/a
12a_1046,N,n/a
12a_1047,N,n/a
12a_1048,N,n/a
12a_1049,N,n/a
12a_1050,N,n/a
12a_1051,N,n/a
12a_1052,N,n/a
12a_1053,N,n/a
12a_1054,N,n/a
12a_1055,N,n/a
12a_1056,N,n/a
12a_1057,N,n/a
12a_1058,N,n/a
12a_1059,N,n/a
12a_1060,N,n/a
12a_1061,N,n/a
12a_1062,N,n/a
12a_1063,N,n/a
12a_1064,N,n/a
12a_1065,N,n/a
12a_1066,N,n/a
12a_1067,N,n/a
12a_1068,N,n/a
12a_1069,N,n/a
12a_1070,N,n/a
12a_1071,N,n/a
12a_1072,N,n/a
12a_1073,N,n/a
12a_1074,N,n/a
12a_1075,N,n/a
12a_1076,N,n/a
12a_1077,N,n/a
12a_1078,N,n/a
12a_1079,N,n/a
12a_1080,N,n/a
12a_1081,N,n/a
12a_1082,N,n/a
12a_1083,N,n/a
12a_1084,N,n/a
12a_1085,N,n/a
12a_1086,N,n/a
12a_1087,N,n/a
12a_1088,N,n/a
12a_1089,N,n/a
12a_1090,N,n/a
12a_1091,N,n/a
12a_1092,N,n/a
12a_1093,N,n/a
12a_1094,N,n/a
12a_1095,N,n/a
12a_1096,N,n/a
12a_1097,N,n/a
12a_1098,N,n/a
12a_1099,N,n/a
12a_1100,N,n/a
12a_1101,N,n/a
12a_1102,N,n/a
12a_1103,N,n/a
12a_1104,N,n/a
12a_1105,N,n/a
12a_1106,N,n/a
12a_1107,N,n/a
12a_1108,N,n/a
12a_1109,N,n/a
12a_1110,N,n/a
12a_1111,N,n/a
12a_1112,N,n/a
12a_1113,N,n/a
12a_1114,N,n/a
12a_1115,N,n/a
12a_1116,N,n/a
12a_1117,N,n/a
12a_1118,N,n/a
12a_1119,N,n/a
12a_1120,N,n/a
12a_1121,N,n/a
12a_1122,N,n/a
12a_1123,N,n/a
12a_1124,N,n/a
12a_1125,N,n/a
12a_1126,N,n/a
12a_1127,N,n/a
12a_1128,N,n/a
12a_1129,N,n/a
12a_1130,N,n/a
12a_1131,N,n/a
12a_1132,N,n/a
12a_1133,N,n/a
12a_1134,N,n/a
12a_1135,N,n/a
12a_1136,N,n/a
12a_1137,Y,"[1/3, 1/3, 11/7]"
12a_1138,N,n/a
12a_1139,N,n/a
12a_1140,N,n/a
12a_1141,N,n/a
12a_1142,Y,"[1/3, 1/3, 5/9]"
12a_1143,N,n/a
12a_1144,Y,"[1/3, 1/3, 7/11]"
12a_1145,N,n/a
12a_1146,N,n/a
12a_1147,Y,"[1/3, 1/3, 11/4]"
12a_1148,N,n/a
12a_1149,N,n/a
12a_1150,N,n/a
12a_1151,N,n/a
12a_1152,N,n/a
12a_1153,N,n/a
12a_1154,N,n/a
12a_1155,N,n/a
12a_1156,N,n/a
12a_1157,N,n/a
12a_1158,N,n/a
12a_1159,N,n/a
12a_1160,Y,"[1/3, 1/3, 9/5]"
12a_1161,N,n/a
12a_1162,N,n/a
12a_1163,N,n/a
12a_1164,Y,"[1/3, 1/3, 9/4]"
12a_1165,N,n/a
12a_1166,N,n/a
12a_1167,N,n/a
12a_1168,N,n/a
12a_1169,N,n/a
12a_1170,N,n/a
12a_1171,N,n/a
12a_1172,N,n/a
12a_1173,N,n/a
12a_1174,N,n/a
12a_1175,N,n/a
12a_1176,N,n/a
12a_1177,N,n/a
12a_1178,N,n/a
12a_1179,N,n/a
12a_1180,N,n/a
12a_1181,N,n/a
12a_1182,N,n/a
12a_1183,N,n/a
12a_1184,N,n/a
12a_1185,N,n/a
12a_1186,N,n/a
12a_1187,N,n/a
12a_1188,N,n/a
12a_1189,N,n/a
12a_1190,N,n/a
12a_1191,N,n/a
12a_1192,N,n/a
12a_1193,N,n/a
12a_1194,N,n/a
12a_1195,N,n/a
12a_1196,N,n/a
12a_1197,N,n/a
12a_1198,N,n/a
12a_1199,N,n/a
12a_1200,N,n/a
12a_1201,N,n/a
12a_1202,N,n/a
12a_1203,N,n/a
12a_1204,N,n/a
12a_1205,N,n/a
12a_1206,N,n/a
12a_1207,N,n/a
12a_1208,N,n/a
12a_1209,N,n/a
12a_1210,N,n/a
12a_1211,N,n/a
12a_1212,N,n/a
12a_1213,N,n/a
12a_1214,Y,"[1/2, 1/5, 1/5]"
12a_1215,N,n/a
12a_1216,N,n/a
12a_1217,N,n/a
12a_1218,N,n/a
12a_1219,N,n/a
12a_1220,N,n/a
12a_1221,N,n/a
12a_1222,N,n/a
12a_1223,N,n/a
12a_1224,N,n/a
12a_1225,N,n/a
12a_1226,N,n/a
12a_1227,N,n/a
12a_1228,N,n/a
12a_1229,N,n/a
12a_1230,N,n/a
12a_1231,N,n/a
12a_1232,N,n/a
12a_1233,Y,"[1/3, 3/4, 1/5]"
12a_1234,Y,"[1/3, 3/4, 3/7]"
12a_1235,N,n/a
12a_1236,N,n/a
12a_1237,N,n/a
12a_1238,N,n/a
12a_1239,N,n/a
12a_1240,N,n/a
12a_1241,N,n/a
12a_1242,Y,"[1/3, 1/4, 1/5]"
12a_1243,Y,"[1/3, 1/4, 3/7]"
12a_1244,N,n/a
12a_1245,N,n/a
12a_1246,N,n/a
12a_1247,N,n/a
12a_1248,N,n/a
12a_1249,N,n/a
12a_1250,N,n/a
12a_1251,N,n/a
12a_1252,N,n/a
12a_1253,N,n/a
12a_1254,N,n/a
12a_1255,N,n/a
12a_1256,N,n/a
12a_1257,N,n/a
12a_1258,N,n/a
12a_1259,N,n/a
12a_1260,N,n/a
12a_1261,N,n/a
12a_1262,N,n/a
12a_1263,N,n/a
12a_1264,N,n/a
12a_1265,N,n/a
12a_1266,N,n/a
12a_1267,N,n/a
12a_1268,N,n/a
12a_1269,N,n/a
12a_1270,N,n/a
12a_1271,N,n/a
12a_1272,N,n/a
12a_1273,N,n/a
12a_1274,N,n/a
12a_1275,N,n/a
12a_1276,N,n/a
12a_1277,N,n/a
12a_1278,N,n/a
12a_1279,N,n/a
12a_1280,N,n/a
12a_1281,N,n/a
12a_1282,N,n/a
12a_1283,Y,"[1/3, 1/3, 5/6]"
12a_1284,Y,"[1/3, 1/3, 7/10]"
12a_1285,Y,"[1/3, 1/3, 3/10]"
12a_1286,Y,"[1/3, 1/3, 1/6]"
12a_1287,N,n/a
12a_1288,N,n/a
12n_1,N,n/a
12n_2,N,n/a
12n_3,N,n/a
12n_4,N,n/a
12n_5,N,n/a
12n_6,N,n/a
12n_7,N,n/a
12n_8,N,n/a
12n_9,N,n/a
12n_10,N,n/a
12n_11,Y,"[1/2, -3/5, 7/9]"
12n_12,Y,"[1/2, 3/5, -2/9]"
12n_13,Y,"[1/2, 3/5, -7/9]"
12n_14,N,n/a
12n_15,N,n/a
12n_16,N,n/a
12n_17,N,n/a
12n_18,N,n/a
12n_19,N,n/a
12n_20,N,n/a
12n_21,N,n/a
12n_22,N,n/a
12n_23,N,n/a
12n_24,N,n/a
12n_25,Y,"[1/2, -3/5, 2/9]"
12n_26,N,n/a
12n_27,N,n/a
12n_28,N,n/a
12n_29,N,n/a
12n_30,N,n/a
12n_31,N,n/a
12n_32,N,n/a
12n_33,N,n/a
12n_34,N,n/a
12n_35,Y,"[1/2, -3/5, 8/11]"
12n_36,Y,"[1/2, 3/5, -3/11]"
12n_37,Y,"[1/2, 3/5, -8/11]"
12n_38,Y,"[1/2, -3/5, 8/13]"
12n_39,Y,"[1/2, 3/5, -5/13]"
12n_40,Y,"[1/2, 3/5, -8/13]"
12n_41,Y,"[1/2, -3/5, 3/11]"
12n_42,Y,"[1/2, -3/5, 7/11]"
12n_43,Y,"[1/2, 3/5, -4/11]"
12n_44,Y,"[1/2, 3/5, -7/11]"
12n_45,Y,"[1/2, -3/5, 5/13]"
12n_46,Y,"[1/2, -3/5, 5/9]"
12n_47,Y,"[1/2, 3/5, -4/9]"
12n_48,Y,"[1/2, 3/5, -5/9]"
12n_49,N,n/a
12n_50,N,n/a
12n_51,N,n/a
12n_52,N,n/a
12n_53,N,n/a
12n_54,Y,"[1/2, -3/5, 4/11]"
12n_55,Y,"[1/2, 2/3, 2/3, -3/5]"
12n_56,Y,"[1/2, 2/3, -2/3, -2/5]"
12n_57,Y,"[1/2, 2/3, -2/3, -3/5]"
12n_58,Y,"[1/2, 2/3, 2/3, -2/5]"
12n_59,Y,"[1/2, 2/3, -1/3, -3/5]"
12n_60,Y,"[1/2, 2/3, -2/3, 3/5]"
12n_61,Y,"[1/2, -2/3, 2/3, 3/5]"
12n_62,Y,"[1/2, -2/3, 2/3, 2/5]"
12n_63,Y,"[1/2, 2/3, -1/3, -2/5]"
12n_64,Y,"[1/2, -2/3, 1/3, 3/5]"
12n_65,Y,"[1/2, -3/5, 4/9]"
12n_66,Y,"[1/2, 2/3, -2/3, 2/5]"
12n_67,Y,"[1/2, -2/3, 1/3, 2/5]"
12n_68,N,n/a
12n_69,N,n/a
12n_70,N,n/a
12n_71,N,n/a
12n_72,N,n/a
12n_73,N,n/a
12n_74,N,n/a
12n_75,N,n/a
12n_76,N,n/a
12n_77,Y,"[1/2, -2/3, 9/11]"
12n_78,Y,"[1/2, 2/3, -2/11]"
12n_79,Y,"[1/2, 2/3, -9/11]"
12n_80,N,n/a
12n_81,N,n/a
12n_82,N,n/a
12n_83,N,n/a
12n_84,N,n/a
12n_85,N,n/a
12n_86,N,n/a
12n_87,N,n/a
12n_88,N,n/a
12n_89,N,n/a
12n_90,N,n/a
12n_91,N,n/a
12n_92,N,n/a
12n_93,N,n/a
12n_94,N,n/a
12n_95,N,n/a
12n_96,N,n/a
12n_97,N,n/a
12n_98,N,n/a
12n_99,N,n/a
12n_100,N,n/a
12n_101,N,n/a
12n_102,N,n/a
12n_103,N,n/a
12n_104,N,n/a
12n_105,N,n/a
12n_106,N,n/a
12n_107,N,n/a
12n_108,N,n/a
12n_109,N,n/a
12n_110,N,n/a
12n_111,N,n/a
12n_112,N,n/a
12n_113,N,n/a
12n_114,N,n/a
12n_115,N,n/a
12n_116,N,n/a
12n_117,N,n/a
12n_118,N,n/a
12n_119,N,n/a
12n_120,N,n/a
12n_121,Y,"[1/2, -2/3, 2/11]"
12n_122,N,n/a
12n_123,N,n/a
12n_124,N,n/a
12n_125,N,n/a
12n_126,N,n/a
12n_127,N,n/a
12n_128,N,n/a
12n_129,N,n/a
12n_130,N,n/a
12n_131,N,n/a
12n_132,N,n/a
12n_133,N,n/a
12n_134,N,n/a
12n_135,N,n/a
12n_136,N,n/a
12n_137,N,n/a
12n_138,N,n/a
12n_139,N,n/a
12n_140,N,n/a
12n_141,N,n/a
12n_142,Y,"[2/3, -2/5, -5/8]"
12n_143,Y,"[2/3, -2/5, -3/8]"
12n_144,Y,"[3/5, -3/5, 3/4]"
12n_145,Y,"[3/5, -3/5, 1/4]"
12n_146,Y,"[2/3, -2/5, -5/7]"
12n_147,Y,"[3/5, 3/5, -3/5]"
12n_148,Y,"[2/3, -2/5, -3/7]"
12n_149,Y,"[2/3, -2/5, -1/5]"
12n_150,Y,"[1/2, -2/3, 13/21]"
12n_151,Y,"[1/2, 2/3, -8/21]"
12n_152,Y,"[1/2, 2/3, -13/21]"
12n_153,Y,"[1/2, -2/3, 5/17]"
12n_154,Y,"[1/2, 2/3, -12/17]"
12n_155,Y,"[1/2, 2/3, -5/17]"
12n_156,N,n/a
12n_157,N,n/a
12n_158,N,n/a
12n_159,Y,"[1/2, -2/3, 12/17]"
12n_160,Y,"[1/2, -2/3, 12/19]"
12n_161,Y,"[1/2, 2/3, -7/19]"
12n_162,Y,"[1/2, 2/3, -12/19]"
12n_163,Y,"[1/2, -2/3, 11/19]"
12n_164,Y,"[1/2, 2/3, -8/19]"
12n_165,Y,"[1/2, 2/3, -11/19]"
12n_166,Y,"[1/2, -2/3, 9/13]"
12n_167,Y,"[1/2, 2/3, -4/13]"
12n_168,Y,"[1/2, 2/3, -9/13]"
12n_169,Y,"[1/2, -2/3, 11/15]"
12n_170,Y,"[1/2, 2/3, -4/15]"
12n_171,Y,"[1/2, 2/3, -11/15]"
12n_172,Y,"[1/2, -2/3, 7/19]"
12n_173,N,n/a
12n_174,N,n/a
12n_175,N,n/a
12n_176,N,n/a
12n_177,N,n/a
12n_178,N,n/a
12n_179,N,n/a
12n_180,N,n/a
12n_181,N,n/a
12n_182,N,n/a
12n_183,N,n/a
12n_184,N,n/a
12n_185,N,n/a
12n_186,N,n/a
12n_187,N,n/a
12n_188,N,n/a
12n_189,N,n/a
12n_190,N,n/a
12n_191,N,n/a
12n_192,N,n/a
12n_193,N,n/a
12n_194,N,n/a
12n_195,N,n/a
12n_196,N,n/a
12n_197,N,n/a
12n_198,Y,"[1/2, -2/3, 8/21]"
12n_199,Y,"[1/2, -2/3, 4/13]"
12n_200,Y,"[1/2, -2/3, 4/15]"
12n_201,N,n/a
12n_202,N,n/a
12n_203,N,n/a
12n_204,N,n/a
12n_205,N,n/a
12n_206,N,n/a
12n_207,N,n/a
12n_208,N,n/a
12n_209,N,n/a
12n_210,N,n/a
12n_211,N,n/a
12n_212,N,n/a
12n_213,N,n/a
12n_214,N,n/a
12n_215,N,n/a
12n_216,N,n/a
12n_217,N,n/a
12n_218,Y,"[1/2, -2/3, 8/19]"
12n_219,Y,"[1/2, 2/3, 3/5, -2/3]"
12n_220,Y,"[1/2, 2/3, -3/5, -1/3]"
12n_221,Y,"[1/2, 2/3, -3/5, -2/3]"
12n_222,Y,"[1/2, 2/3, 3/5, -1/3]"
12n_223,Y,"[1/2, 2/3, -3/5, 2/3]"
12n_224,Y,"[1/2, 2/3, -3/5, 1/3]"
12n_225,Y,"[1/2, 2/3, -2/5, -1/3]"
12n_226,N,n/a
12n_227,N,n/a
12n_228,N,n/a
12n_229,Y,"[1/2, -2/3, 2/5, 1/3]"
12n_230,N,n/a
12n_231,N,n/a
12n_232,N,n/a
12n_233,Y,"[1/2, -2/3, 6/7]"
12n_234,Y,"[1/2, 2/3, -1/7]"
12n_235,Y,"[1/2, 2/3, -6/7]"
12n_236,Y,"[1/2, -2/3, 10/13]"
12n_237,Y,"[1/2, 2/3, -3/13]"
12n_238,Y,"[1/2, 2/3, -10/13]"
12n_239,Y,"[1/2, -2/3, 10/17]"
12n_240,Y,"[1/2, 2/3, -7/17]"
12n_241,Y,"[1/2, 2/3, -10/17]"
12n_242,Y,"[1/2, -2/3, 1/7]"
12n_243,Y,"[1/2, -2/3, 3/13]"
12n_244,Y,"[1/2, -2/3, 7/17]"
12n_245,N,n/a
12n_246,N,n/a
12n_247,N,n/a
12n_248,Y,"[1/2, -2/3, 6/11]"
12n_249,Y,"[1/2, 2/3, -5/11]"
12n_250,Y,"[1/2, 2/3, -6/11]"
12n_251,Y,"[1/2, -2/3, 5/11]"
12n_252,N,n/a
12n_253,N,n/a
12n_254,N,n/a
12n_255,N,n/a
12n_256,N,n/a
12n_257,N,n/a
12n_258,N,n/a
12n_259,N,n/a
12n_260,N,n/a
12n_261,Y,"[1/2, -2/3, 3/5, 1/3]"
12n_262,N,n/a
12n_263,N,n/a
12n_264,N,n/a
12n_265,N,n/a
12n_266,N,n/a
12n_267,N,n/a
12n_268,N,n/a
12n_269,N,n/a
12n_270,N,n/a
12n_271,Y,"[2/3, -3/5, 3/8]"
12n_272,Y,"[2/3, -3/5, 5/8]"
12n_273,Y,"[3/5, -2/5, -1/4]"
12n_274,Y,"[3/5, -2/5, -3/4]"
12n_275,Y,"[2/3, -3/5, 2/7]"
12n_276,Y,"[3/5, -2/5, -2/5]"
12n_277,Y,"[2/3, -3/5, 4/7]"
12n_278,Y,"[2/3, -3/5, 4/5]"
12n_279,N,n/a
12n_280,N,n/a
12n_281,N,n/a
12n_282,N,n/a
12n_283,N,n/a
12n_284,N,n/a
12n_285,N,n/a
12n_286,Y,"[2/3, -2/3, 5/13]"
12n_287,N,n/a
12n_288,Y,"[1/2, 5/7, -5/7]"
12n_289,Y,"[1/2, 5/7, -2/7]"
12n_290,N,n/a
12n_291,N,n/a
12n_292,N,n/a
12n_293,Y,"[1/2, -5/7, 2/7]"
12n_294,Y,"[3/5, 3/5, -3/4]"
12n_295,Y,"[2/3, 3/5, -3/8]"
12n_296,Y,"[2/3, -3/5, -3/8]"
12n_297,Y,"[3/5, 3/5, -1/4]"
12n_298,N,n/a
12n_299,N,n/a
12n_300,Y,"[2/3, 3/5, -5/8]"
12n_301,Y,"[2/3, -3/5, -5/8]"
12n_302,Y,"[2/3, 2/3, -5/13]"
12n_303,Y,"[1/2, -5/7, 4/5]"
12n_304,Y,"[1/2, 5/7, -1/5]"
12n_305,Y,"[1/2, 5/7, -4/5]"
12n_306,Y,"[1/2, -5/7, 4/7]"
12n_307,Y,"[1/2, 5/7, -3/7]"
12n_308,Y,"[1/2, 5/7, -4/7]"
12n_309,Y,"[1/2, -5/7, 1/5]"
12n_310,Y,"[1/2, -5/7, 3/7]"
12n_311,N,n/a
12n_312,N,n/a
12n_313,N,n/a
12n_314,N,n/a
12n_315,N,n/a
12n_316,N,n/a
12n_317,N,n/a
12n_318,N,n/a
12n_319,N,n/a
12n_320,N,n/a
12n_321,N,n/a
12n_322,Y,"[2/3, -3/5, -2/7]"
12n_323,N,n/a
12n_324,N,n/a
12n_325,N,n/a
12n_326,N,n/a
12n_327,N,n/a
12n_328,N,n/a
12n_329,N,n/a
12n_330,N,n/a
12n_331,N,n/a
12n_332,Y,"[2/3, -1/3, -2/9]"
12n_333,Y,"[2/3, 2/3, -7/9]"
12n_334,Y,"[2/3, -2/3, 7/9]"
12n_335,N,n/a
12n_336,N,n/a
12n_337,Y,"[2/3, 3/5, -2/7]"
12n_338,Y,"[2/3, -1/4, -5/7]"
12n_339,Y,"[2/3, 3/4, -2/7]"
12n_340,Y,"[2/3, -3/4, 2/7]"
12n_341,Y,"[2/3, -3/4, -5/7]"
12n_342,Y,"[2/3, -3/4, 5/7]"
12n_343,Y,"[2/3, 3/4, -5/7]"
12n_344,N,n/a
12n_345,N,n/a
12n_346,N,n/a
12n_347,Y,"[2/3, -3/4, -2/7]"
12n_348,N,n/a
12n_349,N,n/a
12n_350,N,n/a
12n_351,N,n/a
12n_352,N,n/a
12n_353,N,n/a
12n_354,N,n/a
12n_355,N,n/a
12n_356,N,n/a
12n_357,N,n/a
12n_358,N,n/a
12n_359,N,n/a
12n_360,N,n/a
12n_361,N,n/a
12n_362,N,n/a
12n_363,N,n/a
12n_364,N,n/a
12n_365,N,n/a
12n_366,N,n/a
12n_367,N,n/a
12n_368,N,n/a
12n_369,N,n/a
12n_370,N,n/a
12n_371,N,n/a
12n_372,N,n/a
12n_373,N,n/a
12n_374,N,n/a
12n_375,N,n/a
12n_376,N,n/a
12n_377,N,n/a
12n_378,N,n/a
12n_379,Y,"[2/3, -2/3, 7/12]"
12n_380,Y,"[2/3, 2/3, -7/12]"
12n_381,N,n/a
12n_382,N,n/a
12n_383,N,n/a
12n_384,N,n/a
12n_385,N,n/a
12n_386,Y,"[2/3, -1/3, -5/12]"
12n_387,Y,"[2/3, -1/3, -7/12]"
12n_388,Y,"[2/3, -2/3, 5/12]"
12n_389,Y,"[2/3, 2/3, -5/12]"
12n_390,N,n/a
12n_391,N,n/a
12n_392,N,n/a
12n_393,N,n/a
12n_394,N,n/a
12n_395,N,n/a
12n_396,N,n/a
12n_397,N,n/a
12n_398,N,n/a
12n_399,N,n/a
12n_400,N,n/a
12n_401,N,n/a
12n_402,Y,"[2/3, -1/3, -4/9]"
12n_403,N,n/a
12n_404,Y,"[2/3, -1/3, -4/11]"
12n_405,N,n/a
12n_406,N,n/a
12n_407,N,n/a
12n_408,N,n/a
12n_409,N,n/a
12n_410,N,n/a
12n_411,N,n/a
12n_412,N,n/a
12n_413,N,n/a
12n_414,N,n/a
12n_415,N,n/a
12n_416,N,n/a
12n_417,N,n/a
12n_418,N,n/a
12n_419,N,n/a
12n_420,N,n/a
12n_421,N,n/a
12n_422,N,n/a
12n_423,N,n/a
12n_424,N,n/a
12n_425,N,n/a
12n_426,N,n/a
12n_427,N,n/a
12n_428,N,n/a
12n_429,N,n/a
12n_430,N,n/a
12n_431,N,n/a
12n_432,N,n/a
12n_433,N,n/a
12n_434,N,n/a
12n_435,N,n/a
12n_436,N,n/a
12n_437,N,n/a
12n_438,N,n/a
12n_439,N,n/a
12n_440,N,n/a
12n_441,N,n/a
12n_442,N,n/a
12n_443,N,n/a
12n_444,Y,"[2/3, -2/3, 3/11]"
12n_445,N,n/a
12n_446,N,n/a
12n_447,Y,"[2/3, 3/5, -4/7]"
12n_448,N,n/a
12n_449,N,n/a
12n_450,N,n/a
12n_451,N,n/a
12n_452,N,n/a
12n_453,N,n/a
12n_454,N,n/a
12n_455,N,n/a
12n_456,N,n/a
12n_457,Y,"[2/3, -1/4, -2/7]"
12n_458,N,n/a
12n_459,N,n/a
12n_460,N,n/a
12n_461,N,n/a
12n_462,N,n/a
12n_463,N,n/a
12n_464,N,n/a
12n_465,N,n/a
12n_466,Y,"[2/3, -3/4, -4/5]"
12n_467,Y,"[2/3, -3/4, 4/5]"
12n_468,Y,"[2/3, 3/4, -4/5]"
12n_469,Y,"[2/3, -3/4, -4/7]"
12n_470,Y,"[2/3, -3/4, 4/7]"
12n_471,Y,"[2/3, 3/4, -4/7]"
12n_472,Y,"[2/3, -1/4, -1/5]"
12n_473,Y,"[2/3, -1/4, -3/7]"
12n_474,Y,"[2/3, -3/4, -1/5]"
12n_475,Y,"[2/3, -3/4, 1/5]"
12n_476,Y,"[2/3, 3/4, -1/5]"
12n_477,Y,"[2/3, -3/4, -3/7]"
12n_478,Y,"[2/3, -3/4, 3/7]"
12n_479,Y,"[2/3, 3/4, -3/7]"
12n_480,N,n/a
12n_481,N,n/a
12n_482,N,n/a
12n_483,N,n/a
12n_484,N,n/a
12n_485,N,n/a
12n_486,N,n/a
12n_487,N,n/a
12n_488,N,n/a
12n_489,N,n/a
12n_490,N,n/a
12n_491,N,n/a
12n_492,N,n/a
12n_493,N,n/a
12n_494,N,n/a
12n_495,N,n/a
12n_496,N,n/a
12n_497,Y,"[2/3, 2/3, -3/11]"
12n_498,N,n/a
12n_499,N,n/a
12n_500,Y,"[1/2, -4/7, 4/5]"
12n_501,Y,"[1/2, 4/7, -4/7]"
12n_502,Y,"[1/2, -4/7, 1/5]"
12n_503,Y,"[1/2, -4/7, 3/7]"
12n_504,N,n/a
12n_505,N,n/a
12n_506,N,n/a
12n_507,N,n/a
12n_508,N,n/a
12n_509,N,n/a
12n_510,N,n/a
12n_511,N,n/a
12n_512,N,n/a
12n_513,N,n/a
12n_514,N,n/a
12n_515,N,n/a
12n_516,N,n/a
12n_517,N,n/a
12n_518,N,n/a
12n_519,N,n/a
12n_520,N,n/a
12n_521,N,n/a
12n_522,Y,"[2/3, -1/4, -4/5]"
12n_523,Y,"[2/3, -1/4, -4/7]"
12n_524,N,n/a
12n_525,N,n/a
12n_526,N,n/a
12n_527,N,n/a
12n_528,N,n/a
12n_529,N,n/a
12n_530,N,n/a
12n_531,N,n/a
12n_532,N,n/a
12n_533,N,n/a
12n_534,N,n/a
12n_535,N,n/a
12n_536,N,n/a
12n_537,N,n/a
12n_538,N,n/a
12n_539,N,n/a
12n_540,N,n/a
12n_541,N,n/a
12n_542,N,n/a
12n_543,N,n/a
12n_544,N,n/a
12n_545,N,n/a
12n_546,Y,"[2/3, 2/3, -5/9]"
12n_547,Y,"[2/3, 2/3, -7/11]"
12n_548,N,n/a
12n_549,N,n/a
12n_550,Y,"[2/3, -1/3, -8/13]"
12n_551,N,n/a
12n_552,N,n/a
12n_553,Y,"[2/3, 2/3, -2/3, 1/3]"
12n_554,Y,"[2/3, 2/3, -2/3, -1/3]"
12n_555,Y,"[2/3, 2/3, 2/3, -1/3]"
12n_556,Y,"[2/3, -2/3, 2/3, 1/3]"
12n_557,N,n/a
12n_558,N,n/a
12n_559,Y,"[2/3, -3/5, -4/7]"
12n_560,N,n/a
12n_561,Y,"[2/3, -3/5, -4/5]"
12n_562,Y,"[2/3, 3/5, -4/5]"
12n_563,N,n/a
12n_564,Y,"[2/3, -1/3, -8/11]"
12n_565,Y,"[2/3, -2/3, 5/9]"
12n_566,Y,"[2/3, -2/3, 7/11]"
12n_567,N,n/a
12n_568,N,n/a
12n_569,N,n/a
12n_570,Y,"[2/3, -2/3, 5/6]"
12n_571,Y,"[2/3, 2/3, -5/6]"
12n_572,Y,"[2/3, -2/3, 7/10]"
12n_573,Y,"[2/3, 2/3, -7/10]"
12n_574,Y,"[2/3, -1/3, -1/6]"
12n_575,Y,"[2/3, -1/3, -3/10]"
12n_576,Y,"[2/3, -1/3, -7/10]"
12n_577,Y,"[2/3, -2/3, 3/10]"
12n_578,Y,"[2/3, 2/3, -3/10]"
12n_579,N,n/a
12n_580,N,n/a
12n_581,Y,"[2/3, -1/3, -5/6]"
12n_582,Y,"[2/3, -2/3, 1/6]"
12n_583,Y,"[2/3, 2/3, -1/6]"
12n_584,N,n/a
12n_585,N,n/a
12n_586,N,n/a
12n_587,N,n/a
12n_588,N,n/a
12n_589,N,n/a
12n_590,N,n/a
12n_591,N,n/a
12n_592,N,n/a
12n_593,N,n/a
12n_594,N,n/a
12n_595,N,n/a
12n_596,N,n/a
12n_597,N,n/a
12n_598,N,n/a
12n_599,N,n/a
12n_600,N,n/a
12n_601,N,n/a
12n_602,N,n/a
12n_603,N,n/a
12n_604,N,n/a
12n_605,N,n/a
12n_606,N,n/a
12n_607,N,n/a
12n_608,N,n/a
12n_609,N,n/a
12n_610,N,n/a
12n_611,N,n/a
12n_612,N,n/a
12n_613,N,n/a
12n_614,N,n/a
12n_615,N,n/a
12n_616,N,n/a
12n_617,N,n/a
12n_618,N,n/a
12n_619,N,n/a
12n_620,N,n/a
12n_621,N,n/a
12n_622,N,n/a
12n_623,N,n/a
12n_624,N,n/a
12n_625,N,n/a
12n_626,N,n/a
12n_627,N,n/a
12n_628,N,n/a
12n_629,N,n/a
12n_630,N,n/a
12n_631,N,n/a
12n_632,N,n/a
12n_633,N,n/a
12n_634,N,n/a
12n_635,N,n/a
12n_636,N,n/a
12n_637,N,n/a
12n_638,N,n/a
12n_639,N,n/a
12n_640,N,n/a
12n_641,N,n/a
12n_642,Y,"[2/3, -1/3, -1/3, -1/3]"
12n_643,N,n/a
12n_644,N,n/a
12n_645,N,n/a
12n_646,N,n/a
12n_647,N,n/a
12n_648,N,n/a
12n_649,N,n/a
12n_650,N,n/a
12n_651,N,n/a
12n_652,N,n/a
12n_653,N,n/a
12n_654,N,n/a
12n_655,N,n/a
12n_656,N,n/a
12n_657,N,n/a
12n_658,N,n/a
12n_659,N,n/a
12n_660,N,n/a
12n_661,N,n/a
12n_662,N,n/a
12n_663,N,n/a
12n_664,N,n/a
12n_665,N,n/a
12n_666,N,n/a
12n_667,N,n/a
12n_668,N,n/a
12n_669,N,n/a
12n_670,N,n/a
12n_671,N,n/a
12n_672,N,n/a
12n_673,N,n/a
12n_674,N,n/a
12n_675,N,n/a
12n_676,N,n/a
12n_677,N,n/a
12n_678,N,n/a
12n_679,N,n/a
12n_680,N,n/a
12n_681,N,n/a
12n_682,N,n/a
12n_683,N,n/a
12n_684,N,n/a
12n_685,N,n/a
12n_686,N,n/a
12n_687,N,n/a
12n_688,N,n/a
12n_689,N,n/a
12n_690,N,n/a
12n_691,N,n/a
12n_692,N,n/a
12n_693,N,n/a
12n_694,N,n/a
12n_695,N,n/a
12n_696,N,n/a
12n_697,N,n/a
12n_698,N,n/a
12n_699,N,n/a
12n_700,N,n/a
12n_701,N,n/a
12n_702,N,n/a
12n_703,N,n/a
12n_704,N,n/a
12n_705,N,n/a
12n_706,N,n/a
12n_707,N,n/a
12n_708,N,n/a
12n_709,N,n/a
12n_710,N,n/a
12n_711,N,n/a
12n_712,N,n/a
12n_713,N,n/a
12n_714,N,n/a
12n_715,N,n/a
12n_716,N,n/a
12n_717,N,n/a
12n_718,N,n/a
12n_719,N,n/a
12n_720,N,n/a
12n_721,Y,"[1/2, 4/5, -4/5]"
12n_722,Y,"[1/2, 4/5, -1/5]"
12n_723,Y,"[1/2, 4/7, -4/5]"
12n_724,Y,"[1/2, 4/7, -1/5]"
12n_725,Y,"[1/2, -4/5, 1/5]"
12n_726,Y,"[1/2, 4/7, -3/7]"
12n_727,N,n/a
12n_728,N,n/a
12n_729,N,n/a
12n_730,N,n/a
12n_731,N,n/a
12n_732,N,n/a
12n_733,N,n/a
12n_734,N,n/a
12n_735,N,n/a
12n_736,N,n/a
12n_737,N,n/a
12n_738,N,n/a
12n_739,N,n/a
12n_740,N,n/a
12n_741,N,n/a
12n_742,N,n/a
12n_743,N,n/a
12n_744,N,n/a
12n_745,N,n/a
12n_746,N,n/a
12n_747,N,n/a
12n_748,N,n/a
12n_749,N,n/a
12n_750,N,n/a
12n_751,N,n/a
12n_752,N,n/a
12n_753,N,n/a
12n_754,N,n/a
12n_755,N,n/a
12n_756,N,n/a
12n_757,N,n/a
12n_758,N,n/a
12n_759,N,n/a
12n_760,N,n/a
12n_761,N,n/a
12n_762,N,n/a
12n_763,N,n/a
12n_764,N,n/a
12n_765,N,n/a
12n_766,N,n/a
12n_767,N,n/a
12n_768,N,n/a
12n_769,N,n/a
12n_770,N,n/a
12n_771,N,n/a
12n_772,N,n/a
12n_773,N,n/a
12n_774,N,n/a
12n_775,N,n/a
12n_776,N,n/a
12n_777,N,n/a
12n_778,N,n/a
12n_779,N,n/a
12n_780,N,n/a
12n_781,N,n/a
12n_782,N,n/a
12n_783,N,n/a
12n_784,N,n/a
12n_785,N,n/a
12n_786,N,n/a
12n_787,N,n/a
12n_788,N,n/a
12n_789,N,n/a
12n_790,N,n/a
12n_791,N,n/a
12n_792,N,n/a
12n_793,N,n/a
12n_794,N,n/a
12n_795,N,n/a
12n_796,N,n/a
12n_797,N,n/a
12n_798,N,n/a
12n_799,N,n/a
12n_800,N,n/a
12n_801,N,n/a
12n_802,N,n/a
12n_803,N,n/a
12n_804,N,n/a
12n_805,N,n/a
12n_806,N,n/a
12n_807,N,n/a
12n_808,N,n/a
12n_809,N,n/a
12n_810,N,n/a
12n_811,N,n/a
12n_812,N,n/a
12n_813,N,n/a
12n_814,N,n/a
12n_815,N,n/a
12n_816,N,n/a
12n_817,N,n/a
12n_818,N,n/a
12n_819,N,n/a
12n_820,N,n/a
12n_821,N,n/a
12n_822,N,n/a
12n_823,N,n/a
12n_824,N,n/a
12n_825,N,n/a
12n_826,N,n/a
12n_827,N,n/a
12n_828,N,n/a
12n_829,N,n/a
12n_830,N,n/a
12n_831,N,n/a
12n_832,N,n/a
12n_833,N,n/a
12n_834,N,n/a
12n_835,N,n/a
12n_836,N,n/a
12n_837,N,n/a
12n_838,N,n/a
12n_839,N,n/a
12n_840,N,n/a
12n_841,N,n/a
12n_842,N,n/a
12n_843,N,n/a
12n_844,N,n/a
12n_845,N,n/a
12n_846,N,n/a
12n_847,N,n/a
12n_848,N,n/a
12n_849,N,n/a
12n_850,N,n/a
12n_851,N,n/a
12n_852,N,n/a
12n_853,N,n/a
12n_854,N,n/a
12n_855,N,n/a
12n_856,N,n/a
12n_857,N,n/a
12n_858,N,n/a
12n_859,N,n/a
12n_860,N,n/a
12n_861,N,n/a
12n_862,N,n/a
12n_863,N,n/a
12n_864,N,n/a
12n_865,N,n/a
12n_866,N,n/a
12n_867,N,n/a
12n_868,N,n/a
12n_869,N,n/a
12n_870,N,n/a
12n_871,N,n/a
12n_872,N,n/a
12n_873,N,n/a
12n_874,N,n/a
12n_875,N,n/a
12n_876,N,n/a
12n_877,N,n/a
12n_878,N,n/a
12n_879,N,n/a
12n_880,N,n/a
12n_881,N,n/a
12n_882,N,n/a
12n_883,N,n/a
12n_884,N,n/a
12n_885,N,n/a
12n_886,N,n/a
12n_887,N,n/a
12n_888,N,n/a
